wvls,ingap_qe,ingaas_qe,ge_qe
290.00000000000006,2.174920189183174e-06,9.672225017313155e-16,0.0007401189195155418
292.6878130217029,2.8897427975990176e-06,9.7515883986598e-18,7.461918075992762e-06
295.3756260434057,3.792910942589785e-06,2.384526596031455e-19,1.824640393002789e-07
298.0634390651086,4.918771448693016e-06,1.8968101030741978e-20,1.4514396030906269e-08
300.7512520868114,6.754371495763616e-06,3.531016665977057e-21,2.7019349063213344e-09
303.4390651085142,1.0842051091687844e-05,6.3565514332620525e-22,4.864033782528168e-10
306.1268781302171,1.723070628469282e-05,2.8684805294729896e-22,2.194962074689278e-10
308.81469115191993,2.7238081524004062e-05,1.3373007939497306e-22,1.0233040108242209e-10
311.50250417362275,4.5138769978484496e-05,6.440140065789637e-23,4.928002239863511e-11
314.1903171953256,7.781321091919255e-05,4.3373724592195644e-23,3.3189583068692195e-11
316.87813021702846,0.00013390314329904653,3.200545705757157e-23,2.449063074936395e-11
319.5659432387313,0.00023149538809013391,2.679067208648e-23,2.050020801991324e-11
322.2537562604341,0.00036906537878714414,2.385687116076017e-23,1.8255228928897185e-11
324.941569282137,0.0005827978847695566,1.8586685413173322e-23,1.422250432589002e-11
327.6293823038398,0.0009243161556194945,1.370100426361464e-23,1.0483659418175048e-11
330.3171953255426,0.0014677123333332268,1.1511999153927504e-23,8.808139426166817e-12
333.00500834724545,0.002306972484278343,1.1810158442694638e-23,9.035179038948073e-12
335.6928213689483,0.0036211305058195128,1.1471024660736464e-23,8.773239862451178e-12
338.38063439065115,0.005655985361865552,1.1091365136496058e-23,8.476885039364421e-12
341.068447412354,0.008724587386738966,1.0533151417124654e-23,8.037121530995935e-12
343.7562604340568,0.013222263893856017,1.0946429998875878e-23,8.322246158173195e-12
346.4440734557597,0.019937871793997263,1.0217120215620303e-23,7.67653192974938e-12
349.1318864774625,0.029924023752576943,1.0788406480212833e-23,7.888290580308058e-12
351.8196994991653,0.044137866936191775,1.039572637884264e-23,7.027229870541913e-12
354.50751252086815,0.06460872995012223,1.0802798678549323e-23,5.956652596878611e-12
357.195325542571,0.0938791076597113,1.8292526019611258e-23,7.879362931936704e-12
359.88313856427385,0.1340237374433828,2.8941287786289334e-23,6.076593583436071e-12
362.5709515859767,0.16568813778613653,6.097187179088263e-23,6.062824554638039e-12
365.25876460767955,0.20204319929401937,2.6690747918138666e-22,5.389371826885535e-12
367.9465776293824,0.24353380168973549,1.2768539751927767e-21,5.222663436391701e-12
370.6343906510852,0.2824452258152976,5.7533839449310414e-21,5.082868583086347e-12
373.322203672788,0.2983966259206259,2.3192975218086704e-20,5.968780770946701e-12
376.01001669449084,0.3151914078755243,9.166240132098737e-20,5.091434837361376e-12
378.6978297161937,0.3347294291852275,6.73310076631697e-19,4.271024785277999e-12
381.38564273789655,0.35269549844645876,5.615314925720617e-18,4.7987093129619584e-12
384.07345575959937,0.3688417629603483,4.47260043642859e-17,6.405256216542124e-12
386.76126878130225,0.38775463940288796,9.829812255687453e-16,5.1471655331061325e-12
389.4490818030051,0.4084024891672485,3.912702338277343e-14,4.408772271083157e-12
392.1368948247079,0.4257458755662667,4.001601748163087e-13,4.3408310945141604e-12
394.8247078464107,0.44264538345669907,3.318470298647065e-12,4.2795766155200456e-12
397.51252086811354,0.4581459513322798,2.1030772141817105e-11,5.115833408662537e-12
400.2003338898164,0.4734066163011007,1.2644534613521885e-10,2.872568844192982e-12
402.88814691151924,0.4875342374136599,5.390388139328444e-10,2.748313117312358e-12
405.5759599332221,0.5011693838801456,2.2506505796275805e-09,2.8060503722186928e-12
408.26377295492495,0.5143805266836913,9.204963634214561e-09,2.69876923038109e-12
410.95158597662777,0.526686338164278,2.3053135679644045e-08,2.691104711044668e-12
413.6393989983306,0.5380583334803523,5.121302387088752e-08,2.626125512254846e-12
416.3272120200334,0.5491937322072374,1.1249759856412777e-07,2.477192227531365e-12
419.0150250417363,0.5597187052436193,2.443549492876087e-07,2.517458848461141e-12
421.7028380634391,0.5698321188603328,5.245741377821027e-07,2.423886303395993e-12
424.390651085142,0.5797932074542096,1.0671228288156084e-06,2.4816491615212478e-12
427.0784641068448,0.5892414981494335,1.8115076618917856e-06,2.5771961369990017e-12
429.76627712854764,0.5986102911736703,3.181268703399473e-06,3.2435931920890705e-12
432.45409015025047,0.6074117140743047,5.48161140017405e-06,2.3348824106403946e-12
435.14190317195323,0.6161223701789255,9.27490418663822e-06,2.3510510323830114e-12
437.82971619365605,0.6244340060190271,1.45052762943469e-05,2.3543256058346804e-12
440.517529215359,0.6325409627269077,2.1475635571373814e-05,2.1872997650596547e-12
443.20534223706176,0.6404846119398615,3.160416908404213e-05,2.026678739002785e-12
445.8931552587647,0.6484374864052765,4.6262074616428364e-05,2.1826374381756747e-12
448.5809682804675,0.6557580370038978,6.731486044755458e-05,1.9115990609822014e-12
451.2687813021703,0.6631945097335967,9.791656039985749e-05,1.7900098565359188e-12
453.9565943238731,0.6704275542240941,0.0001384631158421346,1.8606699541890284e-12
456.6444073455759,0.6775761996885513,0.00017046444015325827,1.7890243308708185e-12
459.33222036727875,0.6847075479015435,0.00020917454761876805,1.8306688201090095e-12
462.02003338898163,0.6918283016134977,0.0002542259536262457,1.7495763834172904e-12
464.70784641068457,0.6987146157690279,0.00030796121486302444,1.8038538929232827e-12
467.39565943238733,0.7060161766146209,0.0003711895871943799,1.8143477932171555e-12
470.08347245409016,0.7131893667382891,0.0004447871783652342,1.8195536627408775e-12
472.771285475793,0.7199711383011834,0.0005316364697634409,1.7462663912401986e-12
475.4590984974958,0.7270836975103337,0.0006634318124247981,1.7049756311376607e-12
478.1469115191986,0.7340299900394046,0.0008450232625018811,1.6688656559789166e-12
480.83472454090156,0.7410668884982631,0.0010737455300663659,1.6601739116089336e-12
483.5225375626044,0.7480745170300118,0.0013608317514264667,1.6820342580587133e-12
486.2103505843072,0.7550165831159841,0.0017202406707472369,2.0373734359419332e-12
488.89816360601003,0.7624095829593661,0.0021705859356283426,1.8080417440805663e-12
491.58597662771285,0.7695241690398625,0.00273149641258704,1.7317829381285456e-12
494.2737896494157,0.7763540126641544,0.003428120711042132,1.6549244501580964e-12
496.9616026711185,0.7834498415840426,0.0042943001427742005,1.6309729670106532e-12
499.6494156928213,0.7896145070365109,0.005351692365191844,1.6707344545710657e-12
502.33722871452426,0.7951646712781152,0.006644326792392501,1.6917117962571338e-12
505.0250417362271,0.7985909843163779,0.008211714850521544,1.6341511453093153e-12
507.7128547579299,0.8014814062917458,0.010081878040887894,1.6655313169406022e-12
510.4006677796327,0.8048952241456304,0.01060644616994391,1.6233881338124203e-12
513.0884808013355,0.8075466863113651,0.011139801285140109,1.660299814196362e-12
515.7762938230384,0.8094829213668576,0.011684229402557448,1.627034222980971e-12
518.4641068447412,0.8118523126295756,0.012256486038434305,1.7609393597870491e-12
521.1519198664441,0.8134750619213242,0.012839048922903048,1.6205179616009755e-12
523.839732888147,0.8149630169412665,0.01344087383941137,1.5874940428948613e-12
526.5275459098498,0.8158959857911223,0.01405519756221158,1.7468912172871787e-12
529.2153589315526,0.817290284313261,0.014699933554953701,1.591983869106456e-12
531.9031719532554,0.8182617248550649,0.015359904608931262,1.6204629606422742e-12
534.5909849749582,0.8192827894376017,0.01604415670911981,1.7465976331636481e-12
537.2787979966611,0.820317870946461,0.01675361041850827,1.893420373059893e-12
539.9666110183639,0.8213327494794435,0.017487581280919855,2.1425217881037355e-12
542.6544240400667,0.8217378381010075,0.018839254089636045,2.478650859115229e-12
545.3422370617695,0.821560793574187,0.020643221716258403,3.175635175200361e-12
548.0300500834725,0.8211772959604999,0.02259913818326934,4.432050241336012e-12
550.7178631051753,0.8208150526413609,0.024724460541160044,6.508280481897482e-12
553.4056761268781,0.8196879467267753,0.027006624463276382,1.0117633670127116e-11
556.0934891485809,0.8181063413702134,0.029465423925553326,1.6195304081604117e-11
558.7813021702839,0.8160436990892976,0.032109061604747184,2.6467436271096332e-11
561.4691151919867,0.8135341550709105,0.034949393175904536,4.332475179361555e-11
564.1569282136895,0.8108184068102926,0.03801033396373399,7.131910805479471e-11
566.8447412353923,0.8079456425209649,0.04131084388083065,1.169646441552113e-10
569.5325542570952,0.805491793987081,0.044899250253003925,1.9145678952374916e-10
572.220367278798,0.8049606294255267,0.04591422246659495,2.9275780596276066e-10
574.9081803005008,0.805137007546969,0.04632663622026969,4.4076333156142803e-10
577.5959933222036,0.805330250296733,0.0467421985853354,6.575628100022038e-10
580.2838063439065,0.805953384875613,0.04718377800308154,9.778905388986983e-10
582.9716193656093,0.8060107345284018,0.04759355732587107,1.4456420946368943e-09
585.6594323873121,0.8058410167620643,0.047994837320781886,2.125454132092745e-09
588.3472454090149,0.8055774594795236,0.048390252296583156,3.098832908402935e-09
591.0350584307179,0.8052759310182825,0.048782609948367625,4.496421633216616e-09
593.7228714524207,0.8052624709496017,0.049191719129078056,6.472985198503405e-09
596.4106844741235,0.8047813443551295,0.04957512701887154,9.276519761540299e-09
599.0984974958265,0.8042240008468712,0.049951960608428846,1.3160430931810051e-08
601.7863105175293,0.803548522971764,0.0503190126693689,1.8612572748284197e-08
604.4741235392321,0.8015493309026117,0.052139652220536216,2.680212919020691e-08
607.1619365609349,0.7991979130856088,0.05438007915155135,3.8717570926904447e-08
609.8497495826377,0.7964970893625605,0.057335710492892586,5.596746422847476e-08
612.5375626043406,0.7943662313450157,0.059203832717265044,7.883312730338125e-08
615.2253756260434,0.7924577495446624,0.060922266714499,1.0990537869953787e-07
617.9131886477462,0.7903661435880275,0.06296540945302613,1.528961227543728e-07
620.601001669449,0.7871273549012064,0.06625805976525503,2.155292043843599e-07
623.2888146911519,0.7829702291776793,0.0703863041124445,3.0365624476101923e-07
625.9766277128547,0.7791598807767628,0.07421925274578865,4.2375132159384976e-07
628.6644407345575,0.7743007650379247,0.0791106623303599,5.915600406245974e-07
631.3522537562604,0.7687982048682266,0.08472340734449207,8.271374784461942e-07
634.0400667779633,0.7629822159036659,0.09070794644375368,1.1499310575018002e-06
636.7278797996661,0.7550216110698266,0.09886450061987521,1.6148963291541019e-06
639.415692821369,0.7424952688305823,0.1117862510834955,2.346089102530593e-06
642.1035058430718,0.7305035013637545,0.12434581142033636,3.325852567718318e-06
644.7913188647747,0.7125992508127049,0.14298843870296365,4.8574072643394946e-06
647.4791318864775,0.6869304907556172,0.1695104602707734,7.262977235443709e-06
650.1669449081803,0.6509069065768929,0.2066677207464224,1.1128367532692352e-05
652.8547579298831,0.6027318177004843,0.2561966965856834,1.7268763940638262e-05
655.542570951586,0.5313219140884988,0.32956764537102856,2.7545069801380328e-05
658.2303839732888,0.433184656222441,0.4302347695190485,4.453196737497052e-05
660.9181969949916,0.29332645126760454,0.5727948187671157,7.297107590277192e-05
663.6060100166944,0.13413071712685254,0.7336717650072522,0.00011452858601270434
666.2938230383972,0.10724791419994065,0.7577701443780754,0.00014465992329863503
668.9816360601001,0.08004824900186111,0.781392316063553,0.00018107847966170382
671.669449081803,0.016991986544786022,0.8410388135533465,0.00023604154557335482
674.3572621035058,0.004955942631829495,0.8488654550935757,0.0002879609723154981
677.0450751252087,0.004640521611801582,0.8447004491948091,0.0003444252127867687
679.7328881469116,0.0045090876293792425,0.8410540155276814,0.00041163361666099154
682.4207011686144,0.004384997388937041,0.8385608779744171,0.0004918336441424835
685.1085141903172,0.004272843406037813,0.8374344320364504,0.0005874917251699579
687.7963272120201,0.004171327024198375,0.8377266699402148,0.0007023096264459613
690.4841402337229,0.004076764508054083,0.8397104280034916,0.0007868360263097857
693.1719532554257,0.003988321551895531,0.8432625929001784,0.001020224069438026
695.8597662771285,0.003902630145562014,0.8476121832502971,0.0012318288111704938
698.5475792988314,0.003778129332267231,0.8517636882242439,0.0015786754840312112
701.2353923205342,0.00363471903584603,0.8551770992284392,0.0020680080003870377
703.923205342237,0.00348760936777078,0.8573453405398428,0.0027003722965814915
706.6110183639398,0.0034027466630935197,0.8584704938823953,0.003163666053324182
709.2988313856426,0.003333790896297804,0.8581845696583086,0.0035820189040507897
711.9866444073456,0.0032596814993308227,0.856637419378035,0.004045546827711453
714.6744574290484,0.003220905206655708,0.8546121109975992,0.004254735547024554
717.3622704507512,0.0031887276530010123,0.8516968894588862,0.004369020595587643
720.050083472454,0.0031531158790665953,0.847721150774346,0.0044800500574406436
722.737896494157,0.003117354837585754,0.8430183357649781,0.004599497846468062
725.4257095158598,0.003085165703874953,0.8383021868944264,0.004726029382925313
728.1135225375626,0.0030567362713783876,0.8340676463873079,0.004857785008883975
730.8013355592655,0.0030273001611626714,0.830261976346178,0.005002598018205259
733.4891485809683,0.002994247255714783,0.8267140286465191,0.005159530295782111
736.1769616026711,0.0029602271839153185,0.8237309431790535,0.005323564546140082
738.8647746243739,0.002928106009132069,0.8214467091053334,0.005501257630270735
741.5525876460767,0.0029017929799215816,0.8202823367899675,0.005704816749637649
744.2404006677796,0.002884062664471942,0.8202987308854458,0.0059229838065514495
746.9282136894824,0.00287322912786438,0.8214614646085062,0.0061566594993495
749.6160267111852,0.0028616480844410696,0.8230884058245607,0.006424440197878187
752.3038397328882,0.0028469194959841342,0.8248138034673749,0.006703547780297815
754.991652754591,0.00282938218260854,0.8269861851017051,0.006996678991547915
757.6794657762938,0.0028102700803435596,0.8297471599128169,0.00732172958308448
760.3672787979966,0.00279333096457359,0.8330915948949548,0.007676624324613912
763.0550918196996,0.00278111798133744,0.8366800218215957,0.008048643341211836
765.7429048414024,0.0027713314806068353,0.8397408259052455,0.008435317916040517
768.4307178631052,0.0027590792738567817,0.8419321961656117,0.008863110080773272
771.118530884808,0.0027433198837910795,0.843298191288145,0.00930113786253736
773.8063439065108,0.0027222464246267723,0.8442045523940918,0.009752932153821841
776.4941569282137,0.002694239948496839,0.8448606831174816,0.009048939384802623
779.1819699499165,0.0026607632008504327,0.8450840332667332,0.009719118388835941
781.8697829716194,0.0026245058078824346,0.8443234471717951,0.010375664591611072
784.5575959933223,0.002587905621411836,0.8422376098377321,0.011041488271527145
787.2454090150251,0.0025498404729795135,0.83879905628175,0.011785351132319214
789.9332220367279,0.002514537989198157,0.8347982577727946,0.01245826532789449
792.6210350584307,0.002480835273167116,0.8306433329910962,0.0133093948264004
795.3088480801337,0.002445241956706342,0.8266341228121306,0.01420897728315896
797.9966611018365,0.00240189219369639,0.8224302183099239,0.015217116524284586
800.6844741235393,0.0023525299010023547,0.8177885006708375,0.016121791511209446
803.3722871452421,0.002297967696041563,0.8123448627193014,0.017049304628127482
806.060100166945,0.002241273227713658,0.8063432276088477,0.018031982641272638
808.7479131886478,0.0021860071441754934,0.8002110561606774,0.019129692115222228
811.4357262103507,0.0021394727340490935,0.7947897652545364,0.02030293765792948
814.1235392320535,0.002102912592808978,0.7906472456188968,0.02157333345759401
816.8113522537564,0.0020708845595066028,0.7874963107963647,0.02303182628622454
819.4991652754592,0.0020364471387729743,0.784693898424321,0.024738892327530577
822.186978297162,0.0019973293234098197,0.7817894549304186,0.026560974431111713
824.8747913188648,0.0019503261756571735,0.7782723351729522,0.028486742585296772
827.5626043405678,0.0018940004895739387,0.7741576890898996,0.030650143194299772
830.2504173622706,0.0018315043456764856,0.7700418596953921,0.03325311651598639
832.9382303839734,0.001774596777698241,0.7671361428916171,0.03612326225136604
835.6260434056762,0.0017288598227676649,0.7659221885622004,0.039318204667629225
838.313856427379,0.001693755167894333,0.7657680658924463,0.042983352240152074
841.0016694490819,0.0016579726760827412,0.7646957583034301,0.047615249587140064
843.6894824707847,0.0016221836581195976,0.7622387377359909,0.05266038533524303
846.3772954924875,0.0015829772487903977,0.7580609828585065,0.058118489066502105
849.0651085141905,0.0015363937301752068,0.7520847310256206,0.06400325900827977
851.7529215358933,0.0014669548767938041,0.7428710505394907,0.07206037924695638
854.4407345575961,0.0013880860903106727,0.7327025505859724,0.08129847698283107
857.1285475792989,0.0013042217707681751,0.7226349505463415,0.09180524740992073
859.8163606010017,0.0012194391629219415,0.7129892346005319,0.10383893913055528
862.5041736227046,0.0011191845404729859,0.6993303245627595,0.12115236772646223
865.1919866444074,0.0010074015341027694,0.6789114695564273,0.145246857853275
867.8797996661103,0.0009036101489373695,0.6525527616266837,0.17360443927999197
870.5676126878132,0.0008082445530236392,0.6178970808331007,0.20631933509362999
873.255425709516,0.0007193554544107074,0.5737002655770049,0.2436519235919547
875.9432387312188,0.0005793565907767921,0.49248781579153145,0.3119514240751786
878.6310517529216,0.0004367250046826924,0.39137890819984894,0.39757195050938615
881.3188647746244,0.00028382569264908455,0.26824324961025336,0.5073470344872356
884.0066777963273,0.00011531403708268497,0.11688929860496827,0.6533393231215304
886.6944908180301,6.22788980893242e-33,2.092332436634099e-24,0.7805394436939582
889.382303839733,6.07015854235129e-33,2.039340772448626e-24,0.8013768677649604
892.0701168614358,6.213275030052098e-33,2.087422430702126e-24,0.8158015464571019
894.7579298831387,6.824194539305438e-33,2.2926679865162334e-24,0.8159895811353733
897.4457429048415,8.125220547828695e-33,2.7297628937885955e-24,0.8001936463801635
900.1335559265443,7.713925746842066e-33,2.5915835939735895e-24,0.7741333950917629
902.8213689482471,8.121150765614729e-33,2.7283956028445415e-24,0.7474094392902063
905.50918196995,6.969786059855365e-33,2.341581161008913e-24,0.7285016049370336
908.1969949916529,8.349735599869227e-33,2.8051913519516216e-24,0.7212952766088759
910.8848080133557,8.317084744844727e-33,2.7942219152487414e-24,0.7270458556047517
913.5726210350585,8.765874122182443e-33,2.944997956609288e-24,0.7440316969390224
916.2604340567614,8.893122988377307e-33,2.9877487017946892e-24,0.7674930617385123
918.9482470784642,7.475951001209554e-33,2.5116331942936686e-24,0.7895705304119517
921.636060100167,7.472052457403148e-33,2.5103234328958218e-24,0.8014679405862306
924.3238731218698,7.567839579754704e-33,2.5425042371901665e-24,0.7983908384603533
927.0116861435727,6.902158556110119e-33,2.3188609100032153e-24,0.7813435820118718
929.6994991652756,1.154767727371328e-32,3.879577267555169e-24,0.755076564466791
932.3873121869784,1.9204392462999272e-32,6.4519403054552054e-24,0.7283226223148597
935.0751252086812,2.200625967098168e-32,7.393260370880054e-24,0.7086148027818915
937.7629382303841,2.793483832985643e-32,9.38503572523988e-24,0.7002563735300892
940.4507512520869,1.2515314980936716e-32,4.204666474950908e-24,0.7046007772313709
943.1385642737897,1.906519908904751e-32,6.405176663159207e-24,0.7200933732572999
945.8263772954925,2.363128474722666e-32,7.939206555171007e-24,0.7435879979049764
948.5141903171955,1.367748956162245e-32,4.595112620724516e-24,0.7697446575929691
951.2020033388983,1.1992348746848175e-32,4.028969850826564e-24,0.791590981917932
953.889816360601,1.268239931391337e-32,4.260800411206334e-24,0.8031245126790431
956.5776293823038,1.780317289484343e-32,5.9811841997363945e-24,0.8015912834169143
959.2654424040066,1.3557024883394413e-32,4.554641102849601e-24,0.7884621707249337
961.9532554257095,1.179739454387372e-32,3.963472705717067e-24,0.769018752844192
964.6410684474123,1.0681349604624023e-32,3.588524352619317e-24,0.7494930273275084
967.3288814691151,9.414025406592132e-33,3.162751962833254e-24,0.7350641197736163
970.0166944908182,8.143448346385694e-33,2.7358867359469038e-24,0.728953291214046
972.704507512521,8.191401261022736e-33,2.751997078583719e-24,0.7324572469797365
975.3923205342238,8.836565383759645e-33,2.968747512899193e-24,0.745104321857176
978.0801335559266,8.325001546166967e-33,2.796881657265556e-24,0.7647093300504155
980.7679465776295,7.442985333542791e-33,2.5005579926008676e-24,0.7875468178146904
983.4557595993323,7.297602528288901e-33,2.451714938453492e-24,0.8087644934285019
986.1435726210351,6.799526398337996e-33,2.2843804359844923e-24,0.8236643597049702
988.8313856427379,6.804172346088169e-33,2.2859412964805554e-24,0.8289505229777704
991.5191986644408,6.734981101579079e-33,2.2626956884722356e-24,0.8241465453555762
994.2070116861436,6.704609681947871e-33,2.2524920547551043e-24,0.8117801343501567
996.8948247078464,6.8033991992408e-33,2.285681548752728e-24,0.7961287562314041
999.5826377295492,6.821890119208999e-33,2.2918937896271853e-24,0.7816819645497308
1002.270450751252,6.867957758874312e-33,2.3073707520828567e-24,0.7719722176034739
1004.9582637729549,7.313549879591085e-33,2.457072637679336e-24,0.7690926242966196
1007.6460767946577,6.856517808789465e-33,2.303527367024619e-24,0.7736351017093316
1010.3338898163607,6.902215028532299e-33,2.3188798825740744e-24,0.784822278302649
1013.0217028380636,6.909595830255301e-33,2.3213595492552752e-24,0.8005475634508548
1015.7095158597664,6.962058922233098e-33,2.338985138730835e-24,0.8175782561757504
1018.3973288814692,7.005533731452645e-33,2.353591009466709e-24,0.83205661027239
1021.085141903172,7.020874713951749e-33,2.3587449919997133e-24,0.8404129509360542
1023.7729549248749,7.09480544586011e-33,2.383582886243459e-24,0.8404883039410381
1026.4607679465776,7.043300931924566e-33,2.366279342274866e-24,0.8323163600096337
1029.1485809682804,7.105906212825915e-33,2.38731231876501e-24,0.81803819724791
1031.8363939899832,7.07840927011991e-33,2.3780743991972095e-24,0.8010866111615697
1034.524207011686,7.127256970425409e-33,2.394485355546756e-24,0.7848970122485038
1037.2120200333889,7.182766952715711e-33,2.413134583466043e-24,0.7724248282206307
1039.8998330550917,7.186735231365372e-33,2.4144677731002552e-24,0.7657324928480275
1042.5876460767945,7.212560235294523e-33,2.423143985277238e-24,0.7656657442484885
1045.2754590984973,7.28453023626043e-33,2.4473231490237735e-24,0.7720111631861657
1047.9632721202001,7.235200445325441e-33,2.4307502286876394e-24,0.7835407703831557
1050.6510851419032,7.299537183858332e-33,2.4523649086240993e-24,0.7980606399068995
1053.338898163606,7.356642113369657e-33,2.4715499777203576e-24,0.8125594729434885
1056.0267111853088,7.359456838601528e-33,2.4724956175893238e-24,0.8236969265832127
1058.7145242070117,7.600291002042757e-33,2.5534066721322266e-24,0.8285102709861684
1061.4023372287145,7.562631980577718e-33,2.5407546833269353e-24,0.8253232547158978
1064.0901502504173,7.473216185551348e-33,2.5107144009807763e-24,0.8142979732206933
1066.7779632721201,7.599876756274859e-33,2.553267501420557e-24,0.7973323116867165
1069.4657762938232,7.896416235211904e-33,2.652893408358193e-24,0.7773935211606341
1072.153589315526,7.636375735437759e-33,2.565529760443996e-24,0.7576833857663062
1074.8414023372288,7.826863454435604e-33,2.629526338011568e-24,0.7409689720753662
1077.5292153589317,7.721821596880369e-33,2.5942362971614723e-24,0.7292267499109923
1080.2170283806345,7.833381270329827e-33,2.631716074508179e-24,0.7236291532402933
1082.9048414023373,7.766249562922397e-33,2.609162392082113e-24,0.7245609454090594
1085.5926544240401,8.117208074426834e-33,2.7270710096174372e-24,0.7316967301867019
1088.280467445743,7.833583202853312e-33,2.631783916101698e-24,0.7440183701034278
1090.9682804674458,7.840012446692406e-33,2.6339438957802522e-24,0.759779419531342
1093.6560934891486,8.67217994371405e-33,2.9135203012962427e-24,0.7765993465555094
1096.3439065108514,8.659582995901612e-33,2.909288209316589e-24,0.7916065097465211
1099.0317195325542,9.014915533256127e-33,3.0286663320046323e-24,0.8019675084019328
1101.719532554257,9.564586215190578e-33,3.213334627777737e-24,0.8055610003565602
1104.4073455759599,9.408459207405491e-33,3.160881933101792e-24,0.8015369860960048
1107.0951585976627,9.519987237089869e-33,3.1983510793554432e-24,0.7905631556427472
1109.7829716193655,9.742349936770492e-33,3.273056429564433e-24,0.7746124706822585
1112.4707846410683,1.3078219500241476e-32,4.393780833201117e-24,0.7563281389226505
1115.1585976627714,1.860080294906998e-32,6.249157347318225e-24,0.7383978755811951
1117.8464106844742,2.2887120579076495e-32,7.689195897473079e-24,0.7230990217586988
1120.534223706177,2.7107693492726493e-32,9.107146741070768e-24,0.7120775377435279
1123.2220367278799,3.611181227292563e-32,1.2132185777582941e-23,0.7063482098456446
1125.9098497495827,7.44291000059535e-32,2.500532683615912e-23,0.7063765588889778
1128.5976627712855,4.3121842429986714e-32,1.4487287413833054e-23,0.7120796821426798
1131.2854757929883,1.597023063704852e-32,5.3653858060395336e-24,0.7229163524973108
1133.9732888146912,9.90590038509545e-32,3.328003115930905e-23,0.7378353953856603
1136.661101836394,1.8891853503934495e-32,6.3469391860029674e-24,0.7553012555160222
1139.3489148580968,1.5542958050703543e-32,5.221838582321491e-24,0.773315696200617
1142.0367278797999,1.9293473968771283e-32,6.481868279415768e-24,0.7896171492327116
1144.7245409015027,3.20291570267012e-32,1.076056998775026e-23,0.8020002220372444
1147.4123539232055,2.986878948061263e-32,1.003476923815293e-23,0.8087763629744646
1150.1001669449083,3.364268477509752e-32,1.1302653510252005e-23,0.8091611204773032
1152.7879799666111,1.8146662345577355e-32,6.096583498931031e-24,0.8034781597114893
1155.475792988314,1.4598180529475334e-32,4.904429521834694e-24,0.7930195336713901
1158.1636060100168,1.373309598246016e-32,4.613794248301965e-24,0.7797089941889213
1160.8514190317196,1.2785488455167578e-32,4.295434414171763e-24,0.7656445263718658
1163.5392320534224,9.979849746447291e-33,3.35284726895412e-24,0.7527604283969478
1166.2270450751253,1.1249722143485538e-32,3.7794757560058e-24,0.7426060113785947
1168.914858096828,1.0164488507751279e-32,3.4148788207619536e-24,0.7362646842488297
1171.6026711185311,9.480940754431543e-33,3.1852329567314192e-24,0.7343525016947723
1174.290484140234,1.1547217456231874e-32,3.879422786493237e-24,0.7370926562891789
1176.9782971619368,9.033982284891203e-33,3.0350720302637914e-24,0.7442956247031028
1179.6661101836396,9.357896020784142e-33,3.143894639056272e-24,0.755424108092093
1182.3539232053424,1.1670071642807268e-32,3.9206970876504786e-24,0.7695441283927109
1185.0417362270452,1.0331018531070123e-32,3.470826530203393e-24,0.785394634612057
1187.729549248748,1.1502848813793214e-32,3.8645166220311296e-24,0.8014130320921582
1190.417362270451,9.258204448782677e-33,3.1104020892268675e-24,0.8158975693662602
1193.1051752921537,9.235898817505076e-33,3.1029082514626237e-24,0.8272324359925629
1195.7929883138565,9.667289122115104e-33,3.2478388708018498e-24,0.834164291838159
1198.4808013355594,1.0459645168368247e-32,3.514040153708425e-24,0.8360473397278579
1201.1686143572622,9.567978893067255e-33,3.214474437598752e-24,0.832971296816434
1203.856427378965,1.1194500940003046e-32,3.7609235467052e-24,0.8257218185143615
1206.5442404006678,9.188810598277922e-33,3.0870884133641715e-24,0.8155841281052981
1209.2320534223707,9.812786948108565e-33,3.2967205675122234e-24,0.8040861270904156
1211.9198664440737,9.76023636600023e-33,3.2790655847038295e-24,0.7927461271456688
1214.6076794657765,9.612433610554558e-33,3.2294095199803777e-24,0.7828714778127434
1217.2954924874794,9.040297340617236e-33,3.0371936471099634e-24,0.7754923525489998
1219.9833055091822,8.993199405374003e-33,3.021370544802249e-24,0.7712955414651373
1222.671118530885,9.202325254074424e-33,3.0916288200766363e-24,0.7706209615807643
1225.3589315525878,8.82664185596592e-33,2.9654135876491233e-24,0.7735246132231176
1228.0467445742906,8.766611680556542e-33,2.9452457479731984e-24,0.7797638409505321
1230.7345575959935,8.70576218149573e-33,2.924802646931933e-24,0.7887884074744486
1233.4223706176965,8.838288955608349e-33,2.9693265670245147e-24,0.7997975397588033
1236.1101836393993,8.675148889651508e-33,2.9145177534153614e-24,0.8117377612662808
1238.7979966611022,8.743538002505389e-33,2.9374938759105876e-24,0.8233875163550917
1241.485809682805,8.75419811073961e-33,2.9410752639763334e-24,0.8333956677825931
1244.1736227045078,8.864012270781133e-33,2.977968615674217e-24,0.840593295041151
1246.8614357262106,8.801712490785469e-33,2.9570382757871593e-24,0.844124105243386
1249.5492487479135,8.773374238505221e-33,2.9475177084260545e-24,0.8434997221079573
1252.2370617696163,8.910586721452569e-33,2.9936158472161904e-24,0.8387427953537626
1254.924874791319,8.892154807866943e-33,2.987423430226229e-24,0.8303704087495565
1257.612687813022,9.052986760898283e-33,3.0414568062972107e-24,0.8192975087075439
1260.3005008347247,9.37421064476752e-33,3.1493757278358053e-24,0.8066606038716003
1262.9883138564276,9.940127600981768e-33,3.339502149505955e-24,0.7936411149757194
1265.6761268781304,1.0212243822203244e-32,3.430922777305019e-24,0.7813541884213442
1268.3639398998332,1.2171907964488803e-32,4.089294870518993e-24,0.7707275952404553
1271.051752921536,9.680126694848192e-33,3.2521518035384827e-24,0.7624575453556001
1273.7395659432389,9.709864304956504e-33,3.262142501531944e-24,0.7570249418101129
1276.4273789649417,9.409617075352226e-33,3.1612709323835095e-24,0.7546729200579875
1279.1151919866445,9.256536258322239e-33,3.1098416411267983e-24,0.7554369548900743
1281.8030050083473,1.028647538269809e-32,3.455861738431557e-24,0.7591373308078007
1284.4908180300501,9.25957412008602e-33,3.110862246323963e-24,0.7654063860733956
1287.178631051753,9.253947207445603e-33,3.1089718191974647e-24,0.7736932630860913
1289.8664440734558,9.443951796138303e-33,3.1728060834872507e-24,0.783250560119444
1292.5542570951588,9.589878277157241e-33,3.2218317918679407e-24,0.7931775539005117
1295.2420701168617,9.662806859992762e-33,3.24633300240729e-24,0.8024718920403867
1297.9298831385645,9.91401847581006e-33,3.330730483473818e-24,0.810113913041516
1300.6176961602673,1.0765262316309248e-32,3.6167158097406524e-24,0.8151822364209219
1303.3055091819701,1.159971620804338e-32,3.8970603563070874e-24,0.8169604502695993
1305.993322203673,1.0003094411537295e-32,3.360656586112679e-24,0.815072463932529
1308.6811352253758,1.0310962815709662e-32,3.46408857801156e-24,0.8095103126515463
1311.3689482470786,1.1484456411384936e-32,3.858337479283409e-24,0.800647899444269
1314.0567612687814,1.3265137127121512e-32,4.4565779965579326e-24,0.7891623438162652
1316.7445742904843,1.2101997026019617e-32,4.0658074729056295e-24,0.7759375521919682
1319.432387312187,1.4405107291944207e-32,4.83956430906986e-24,0.7619320768707972
1322.1202003338901,1.293100802009683e-32,4.344323414331924e-24,0.748080834227844
1324.808013355593,1.2201404999131915e-32,4.099204744370612e-24,0.7352091574002679
1327.4958263772958,1.510588862404901e-32,5.074999995495706e-24,0.7240041166431863
1330.1836393989986,1.7669839634402497e-32,5.936389331127348e-24,0.7149802408459806
1332.8714524207014,1.926034429265256e-32,6.470737977164922e-24,0.7084770410495291
1335.5592654424042,1.8392748291685813e-32,6.179258951297582e-24,0.7047154139294972
1338.247078464107,2.111972518704788e-32,7.095418740113093e-24,0.7037719639502793
1340.9348914858099,2.2003598751190553e-32,7.392366403748156e-24,0.7055847100421414
1343.6227045075127,3.9329060739478654e-32,1.3213058036052481e-23,0.7099867892966402
1346.3105175292155,6.347158540116714e-32,2.1324021621091985e-23,0.7166700284425099
1348.9983305509184,2.307207912913049e-31,7.751334886052443e-23,0.7252202526604791
1351.6861435726212,1.4904053748525591e-30,5.007191207951656e-22,0.7350858595848434
1354.373956594324,2.0272807007154256e-29,6.810886670129296e-21,0.7456088809290934
1357.0617696160268,5.474995310990087e-29,1.839388722513035e-20,0.7560402358955175
1359.7495826377296,2.0658476559470616e-27,6.940456867883324e-19,0.7655860426112447
1362.4373956594325,2.6707159390166244e-27,8.972582623773293e-19,0.7734672146335019
1365.1252086811355,2.2976645181277318e-27,7.719272734862348e-19,0.7789980914638401
1367.8130217028383,3.946998173002801e-27,1.3260402091354506e-18,0.781666822282844
1370.5008347245412,2.3550742751144628e-26,7.91214752938799e-18,0.7812022796821526
1373.188647746244,5.239138370327212e-29,1.7601498241872458e-20,0.777585745568937
1375.8764607679468,1.3745801999326373e-29,4.6180629833061506e-21,0.7710961598348678
1378.5642737896496,7.10861136168359e-30,2.388221145169215e-21,0.7622372769684947
1381.2520868113525,1.5022732430576886e-27,5.04706269951799e-19,0.7516921761907586
1383.9398998330553,6.23184559064208e-27,2.0936614277751266e-18,0.7401249307030056
1386.627712854758,2.879130830369256e-29,9.672776832137802e-21,0.7282700329343048
1389.315525876461,6.534796381083078e-30,2.195441289813549e-21,0.7168176604088237
1392.0033388981637,1.4980738835183884e-28,5.0329544598947323e-20,0.7063703146112321
1394.6911519198666,1.5140018218435913e-28,5.086466231986028e-20,0.6974093611122504
1397.3789649415694,7.022603837528121e-30,2.359325911292891e-21,0.6903087754990924
1400.0667779632722,9.61197014933915e-25,3.2292538147633824e-16,0.6855866432787999
1402.754590984975,1.5942108874009656e-30,5.355937970771614e-22,0.6826623910281309
1405.442404006678,3.950205689050735e-30,1.327117811674033e-21,0.6823510230048445
1408.130217028381,2.3544976975896683e-30,7.910210449744045e-22,0.6844019037645984
1410.8180300500837,1.9624675506727613e-30,6.593139310565872e-22,0.6886273596897353
1413.5058430717866,3.031268944604356e-31,1.01839026243859e-22,0.6948958426995193
1416.1936560934894,1.1459066163133643e-31,3.849807328362277e-23,0.7029989111341417
1418.8814691151922,1.0123549783980285e-30,3.401124977600246e-22,0.7126101771949757
1421.569282136895,1.165755610371193e-31,3.916492345881673e-23,0.7233192241690943
1424.2570951585978,1.8315952157801403e-31,6.153458391739835e-23,0.7346318665979165
1426.9449081803007,7.281463495766189e-32,2.4462928416792795e-23,0.7459956796652136
1429.6327212020035,6.637280178186215e-32,2.229871920329968e-23,0.7568236614070488
1432.3205342237063,2.657395229023529e-31,8.927830140263428e-23,0.7665250648496291
1435.0083472454091,1.6238659800217375e-31,5.455567723553746e-23,0.7745512749855722
1437.696160267112,1.9080931020010624e-31,6.410461989402102e-23,0.7804494294300672
1440.3839732888148,9.527393390701984e-32,3.2008392633003645e-23,0.7838878521597464
1443.0717863105176,7.524377409838803e-32,2.52790261277621e-23,0.7847434616120624
1445.7595993322207,1.1777040376400343e-31,3.956634485046536e-23,0.7830491997346367
1448.4474123539235,3.163700997210339e-32,1.0628823597329431e-23,0.7789865863685677
1451.1352253756263,1.9041732066459538e-31,6.397292642398015e-23,0.7729176190116939
1453.8230383973291,2.704778979222744e-32,9.0870213921205e-24,0.7653190195042561
1456.510851419032,3.3464233255710755e-32,1.1242700634746076e-23,0.7567298442885282
1459.1986644407348,2.3316869977609173e-32,7.833575235219912e-24,0.747698525504015
1461.8864774624376,2.7267108578777187e-32,9.160704104104759e-24,0.7387523535641278
1464.5742904841404,2.9001400021165316e-32,9.743359602325214e-24,0.7303650565572838
1467.2621035058432,7.320097733712098e-32,2.4592724658696316e-23,0.7229440334095586
1469.949916527546,6.57952753769076e-32,2.2104692451515156e-23,0.7168128096175268
1472.637729549249,5.527656607079824e-32,1.8570809009786395e-23,0.7122333934481002
1475.3255425709517,2.3176373474312753e-32,7.786373791376262e-24,0.7093837947269918
1478.0133555926545,5.291151134504278e-32,1.777624120770109e-23,0.7084105974752455
1480.7011686143574,3.428325175574645e-32,1.1517859480904571e-23,0.7093489642662016
1483.3889816360602,2.3473918943981523e-32,7.886337672668537e-24,0.7121731275842353
1486.0767946577632,2.850685109642932e-32,9.577210105710242e-24,0.7168107780493418
1488.764607679466,2.017615990649342e-32,6.778416946061719e-24,0.7231262530816924
1491.4524207011689,1.843713016157845e-32,6.194169559677591e-24,0.7309464091808663
1494.1402337228717,1.6751343777943764e-32,5.627809903368967e-24,0.7400290902220368
1496.8280467445745,1.5381578967495418e-32,5.16762139146716e-24,0.7500221534806366
1499.5158597662773,1.4278325356443684e-32,4.796970434713488e-24,0.7605593992661649
1502.2036727879802,1.4951749223550393e-32,5.023215060739149e-24,0.7711838867754222
1504.891485809683,1.8397131259163356e-32,6.180731460494649e-24,0.7814980922811049
1507.5792988313858,1.3429510649789284e-32,4.51180120437839e-24,0.7910630325844805
1510.2671118530886,1.2366099890323857e-32,4.15453591970621e-24,0.7994515880787535
1512.9549248747915,1.365164166714577e-32,4.586428718200312e-24,0.8063919738597148
1515.6427378964943,1.2747174071048726e-32,4.282562248616336e-24,0.8115331302636596
1518.330550918197,1.3257865821434646e-32,4.454135116350982e-24,0.8143968840532168
1521.0183639399,1.2016583224709729e-32,4.037111707164788e-24,0.8148689977633012
1523.7061769616028,1.1912460926285501e-32,4.002130602961974e-24,0.812959270155698
1526.3939899833058,1.2401174518894604e-32,4.1663196514858266e-24,0.808785780904416
1529.0818030050086,1.212132079970686e-32,4.072299520729919e-24,0.8025396854381593
1531.7696160267114,1.1865246385523209e-32,3.9862683256660534e-24,0.7944172424609194
1534.4574290484143,1.2216497316396633e-32,4.1042751849091796e-24,0.7845129805676102
1537.145242070117,1.1963538221933269e-32,4.019290617949088e-24,0.7725991450405345
1539.83305509182,1.2252742131077847e-32,4.11645205440172e-24,0.7576648387980376
1542.5208681135227,1.2028928062830367e-32,4.041259099944243e-24,0.7368515398113118
1545.2086811352256,1.1754070053836993e-32,3.948917336469131e-24,0.7029725886705289
1547.8964941569284,1.2136312878905942e-32,4.0773362851177276e-24,0.6385618408171004
1550.5843071786312,1.1985690498534363e-32,4.02673293441578e-24,0.5389934454632982
1553.272120200334,1.199903793789415e-32,4.0312171628101934e-24,0.5289830523282193
1555.9599332220369,1.226264296444658e-32,4.119778355194229e-24,0.5197427676628045
1558.6477462437397,1.201599125075254e-32,4.0369128265888195e-24,0.5112612335754715
1561.3355592654425,1.1951921302808877e-32,4.01538777807179e-24,0.503494477852017
1564.0233722871453,1.2224097354006337e-32,4.1068285064511914e-24,0.4963655980387927
1566.7111853088484,1.2196181920029303e-32,4.097449989845279e-24,0.4897689181695651
1569.3989983305512,1.283297087380333e-32,4.3113866881729714e-24,0.4835721694442461
1572.086811352254,1.345820388043133e-32,4.521441030872763e-24,0.47761988171391156
1574.7746243739568,1.328445376814563e-32,4.4630676480806056e-24,0.471736942896099
1577.4624373956597,1.416144661279227e-32,4.757703653508698e-24,0.46573295326195174
1580.1502504173625,1.2962619326163568e-32,4.354943602401555e-24,0.4594077175269747
1582.8380634390653,1.286751384309369e-32,4.322991802797867e-24,0.45255805747652494
1585.5258764607681,1.2321507605815647e-32,4.13955462007462e-24,0.4449859527186051
1588.213689482471,1.280204144617292e-32,4.300995585140799e-24,0.43650774518687113
1590.9015025041738,1.3050501573894143e-32,4.384468671593894e-24,0.42634938908857695
1593.5893155258766,1.226096157299218e-32,4.11921347206581e-24,0.41367306058142916
1596.2771285475794,1.283505744060815e-32,4.312087694700202e-24,0.39955714369552175
1598.9649415692822,1.2958173545168368e-32,4.353449990268423e-24,0.38396554615150374
1601.652754590985,1.4013216515596813e-32,4.707904018325261e-24,0.3669133377226048
1604.340567612688,1.3538099951353387e-32,4.548283050542102e-24,0.34846415260143837
1607.028380634391,1.34232359140647e-32,4.509693133508379e-24,0.32872349677917956
1609.7161936560938,1.4162791190663718e-32,4.7581553801738e-24,0.307828581224011
1612.4040066777966,1.3350701187346142e-32,4.4853242435389456e-24,0.285936246795565
1615.0918196994994,1.2955705595031715e-32,4.352620853549352e-24,0.26320935868342227
1617.7796327212022,1.2854234195497107e-32,4.3185303498393465e-24,0.2398045045574704
1620.467445742905,1.3225134057851095e-32,4.4431384974712e-24,0.21586067731797154
1623.1552587646079,1.2762509402075146e-32,4.28771433247098e-24,0.1914913020509609
1625.8430717863107,1.2905448674437505e-32,4.335736453158421e-24,0.16677790023800354
1628.5308848080135,1.2782440078891747e-32,4.294410276501273e-24,0.14176754536230943
1631.2186978297163,1.2934264426769253e-32,4.345417442247737e-24,0.11835329356721071
1633.9065108514192,1.3206230357425446e-32,4.436787578173259e-24,0.1161292676237897
1636.594323873122,1.332201300419179e-32,4.475686112807111e-24,0.11405420270916651
1639.2821368948248,1.4005070166483128e-32,4.7051671570426054e-24,0.11214361274745346
1641.9699499165276,1.38569833646192e-32,4.6554156636020985e-24,0.11040745070989647
1644.6577629382305,1.3880812345895803e-32,4.663421288619014e-24,0.10885049369833139
1647.3455759599335,1.3623538795085523e-32,4.576987229577649e-24,0.10747292372439823
1650.0333889816363,1.3548786252229348e-32,4.5518732383322476e-24,0.10627066226541575
1652.7212020033392,1.36276956486037e-32,4.578383773144933e-24,0.10523574466848891
1655.409015025042,1.3682828052132107e-32,4.596906149062156e-24,0.10435687535515346
1658.0968280467448,1.349415334828461e-32,4.533518675143422e-24,0.1036193863290287
1660.7846410684476,1.351968307591128e-32,4.542095685792375e-24,0.10300578641764191
1663.4724540901504,1.3621142208618116e-32,4.576182068318091e-24,0.10249579258842398
1666.1602671118533,1.6390808750693773e-32,5.506683943340584e-24,0.10206671767009146
1668.848080133556,1.3995766283810817e-32,4.70204140881983e-24,0.10169368042169158
1671.535893155259,1.3986667173120685e-32,4.698984456139938e-24,0.101350279146241
1674.2237061769617,1.3938150603126807e-32,4.682684746892221e-24,0.1010088508082775
1676.9115191986646,1.4116030484712469e-32,4.742445573991715e-24,0.10017452034706943
1679.5993322203674,1.4340131249376762e-32,4.817734847464263e-24,0.09908851331483098
1682.2871452420702,1.4551250388724373e-32,4.888662792049557e-24,0.09791407347412869
1684.974958263773,1.400803569731893e-32,4.706163461818372e-24,0.09662966108367506
1687.662771285476,1.4286611491766253e-32,4.79975425880827e-24,0.09521783490830639
1690.350584307179,1.4788672547312794e-32,4.968427543647722e-24,0.0936662001947447
1693.0383973288817,1.4056280033302857e-32,4.722371710865789e-24,0.09196800636796194
1695.7262103505846,1.41507648706227e-32,4.754114997269293e-24,0.09012248302081745
1698.4140233722874,1.4315346136841182e-32,4.809407998965845e-24,0.08813472657818094
1701.1018363939902,1.4614010188048238e-32,4.909747680811338e-24,0.0860155786186398
1703.789649415693,1.4721806986864357e-32,4.94596327640598e-24,0.08378072609110573
1706.4774624373958,1.510691381060851e-32,5.075344418913244e-24,0.08144888599663977
1709.1652754590987,1.5505782448599466e-32,5.209349003905669e-24,0.07904198386378536
1711.8530884808015,1.5563613538685033e-32,5.228778035141641e-24,0.07658331920865669
1714.5409015025043,1.5462069470805148e-32,5.194663117650949e-24,0.07409641623618579
1717.2287145242071,1.5522196474953945e-32,5.2148634880746065e-24,0.07160403387499567
1719.91652754591,1.5616875658611395e-32,5.246672067403738e-24,0.06912723168596883
1722.6043405676128,1.5992727243737375e-32,5.372943804227264e-24,0.06672790885814708
1725.2921535893154,1.6371715850131526e-32,5.500269460043446e-24,0.06452515243652261
1727.9799666110187,1.654681022923611e-32,5.559094464998957e-24,0.06238206612020531
1730.6677796327215,1.6836737188684525e-32,5.656498818659576e-24,0.06030903358836402
1733.3555926544243,1.7494138259543203e-32,5.877360398847263e-24,0.05831363225711589
1736.0434056761271,1.776029498319347e-32,5.966778863721671e-24,0.05640089408187688
1738.73121869783,1.7352673569874734e-32,5.82983368146585e-24,0.05457344010830203
1741.4190317195328,1.7548232486748818e-32,5.895533987284012e-24,0.05283173764620454
1744.1068447412356,1.8322269779063457e-32,6.155580870507845e-24,0.051174471759081415
1746.7946577629384,1.8120465682696377e-32,6.087782423581428e-24,0.049598694993514755
1749.4824707846412,1.7451273648895414e-32,5.8629595314598165e-24,0.04810012770741626
1752.170283806344,1.7899666073986037e-32,6.013602212069312e-24,0.04667336759902677
1754.8580968280469,1.8664680706237894e-32,6.270617827095849e-24,0.045312093613606545
1757.5459098497495,1.8256414387303416e-32,6.133455981254161e-24,0.04400920744505874
1760.2337228714523,1.7981332351391716e-32,6.0410389533151164e-24,0.042757036579354736
1762.9215358931551,1.9771391034245434e-32,6.642430108348314e-24,0.04154742839550161
1765.609348914858,2.124481680389492e-32,7.137444732144082e-24,0.04037193274674135
1768.2971619365612,2.048244342135529e-32,6.881316475856329e-24,0.03922187519185796
1770.984974958264,2.0791799358289368e-32,6.985248221788016e-24,0.03808852719784141
1773.6727879799669,2.3219643119064623e-32,7.800910734709157e-24,0.03726361806551767
1776.3606010016697,2.549115597225448e-32,8.56405205043117e-24,0.03644474058166078
1779.0484140233725,2.7353322439709006e-32,9.189668659234874e-24,0.035622496976195905
1781.7362270450753,3.0535089994883476e-32,1.025862069046272e-23,0.03478951977333577
1784.4240400667782,3.532622356657795e-32,1.1868258061683544e-23,0.03393895687027817
1787.111853088481,3.427243646400836e-32,1.1514225957125327e-23,0.033064627529090236
1789.7996661101836,3.1740546546833023e-32,1.0663607920805111e-23,0.03216128755779495
1792.4874791318864,4.119939035831724e-32,1.3841417151058126e-23,0.031224746872659657
1795.1752921535892,6.030609364722857e-32,2.0260537635687497e-23,0.030252010459233047
1797.863105175292,7.298623579444523e-32,2.4520579725337207e-23,0.029241388205335225
1800.5509181969949,9.314252358381871e-32,3.129232040118377e-23,0.02819253005372334
1803.2387312186977,1.3388097335430382e-31,4.4978879169568023e-23,0.02710645505877697
1805.9265442404005,2.0061560232074906e-31,6.73991584482681e-23,0.025985465872926446
1808.6143572621038,2.4997581273561466e-31,8.398229856452064e-23,0.02483302791953762
1811.3021702838066,3.45728248353105e-31,1.1615144944478266e-22,0.02365358761787928
1813.9899833055094,6.051276417483424e-31,2.0329971017117178e-22,0.022452351512251726
1816.6777963272123,1.1008685318950512e-30,3.6984966150976587e-22,0.02123501781210003
1819.365609348915,2.159436797125134e-30,7.254880535949436e-22,0.0200075342618604
1822.0534223706177,2.4942350231836747e-30,8.379674341878898e-22,0.018775825912089497
1824.7412353923205,2.1856563896133992e-30,7.342968324143506e-22,0.01796840660411372
1827.4290484140233,4.178858399269668e-30,1.4039363645053944e-21,0.017388970635537487
1830.1168614357262,5.245809962408093e-28,1.7623912235926748e-19,0.016809787458322345
1832.804674457429,4.6568769319368515e-28,1.5645322825284258e-19,0.016233982210278244
1835.4924874791318,4.724436381755974e-28,1.5872296700215314e-19,0.015664767418263382
1838.1803005008346,1.1501732427424336e-27,3.8641415589707545e-19,0.015104931860419767
1840.8681135225374,2.394343251657165e-27,8.044076249860653e-19,0.014556639312866111
1843.5559265442403,6.0900828511161235e-28,2.0460345770574327e-19,0.014020705401712403
1846.243739565943,4.989471698595823e-28,1.6762713851594993e-19,0.013499638068162107
1848.9315525876464,7.348398698171833e-28,2.468780505951234e-19,0.012993974350461167
1851.6193656093492,1.2797889657095172e-27,4.299600743031522e-19,0.012504194919167867
1854.3071786310518,4.103335253639769e-27,1.3785634802434669e-18,0.0120309443299148
1856.9949916527546,5.855415968555937e-28,1.967195492672822e-19,0.011571832361495928
1859.6828046744574,2.5820401882449475e-28,8.67466606555746e-20,0.011128862756591475
1862.3706176961603,1.9383477805129121e-28,6.512106121126281e-20,0.010700602728084447
1865.058430717863,1.6048112244707575e-28,5.391551043210001e-20,0.010286115707761709
1867.746243739566,3.5135669947894985e-28,1.1804239344345846e-19,0.009884093954921706
1870.4340567612687,9.501785899719399e-24,3.1922361271422984e-15,0.011936128420374958
1873.1218697829715,7.021842632330462e-24,2.3590701755019793e-15,0.010918335228012232
1875.8096828046744,2.1336525751847638e-28,7.168255426041691e-20,0.008741955403499964
1878.4974958263772,4.932550828174096e-29,1.6571481528675584e-20,0.008378223826351982
1881.18530884808,3.840235526416546e-29,1.2901720490801886e-20,0.0080502625534609
1883.8731218697828,5.18117328505102e-29,1.7406757756994758e-20,0.007734054888855078
1886.5609348914857,2.665173465754496e-29,8.953962036477583e-21,0.007421450190295482
1889.2487479131887,1.3540602268465072e-29,4.549123733248467e-21,0.007111125394958316
1891.9365609348915,1.4200568236833154e-29,4.770847020759214e-21,0.006801779047871057
1894.6243739565944,1.9421233706088956e-29,6.5247906577311684e-21,0.00649215998080265
1897.3121869782972,3.78252923386975e-29,1.2707849450372776e-20,0.006181094154600312
1900.0,3.06643342853891e-27,1.0302041821788267e-18,0.005868268194984754
