wavelength [nm], crossSection 10^-19 [cm2]
203.7233750333201, 3.989536729686823
204.74236587114663, 4.517794775580891
204.7295368498071, 4.442329340453167
204.71212603513197, 4.339911964208399
205.36915519945, 4.560917881368162
205.66422269025946, 4.47467166979362
205.65872453825682, 4.442329340453167
206.25619038921263, 4.312960023091355
206.87015069617644, 4.2806176937509015
207.17071633898857, 4.226713811516813
206.85548895750267, 4.19437148217636
208.164049134136, 4.604040987155432
208.1457219607938, 4.4962332226872554
208.13839109145692, 4.453110116899985
208.13106022212003, 4.4099870111127135
208.11273304877784, 4.3021792466445365
208.10723489677517, 4.269836917304083
209.15005105994655, 4.938245057006782
209.14272019060968, 4.895121951219512
209.13538932127278, 4.851998845432241
209.12805845193589, 4.80887573964497
209.12164394126614, 4.771143022081107
208.80550020111312, 4.733410304517246
208.79816933177625, 4.690287198729974
208.79267117977358, 4.657944869389522
210.04075168437762, 4.71184875162361
210.03525353237495, 4.679506422283158
210.92595415680603, 4.453110116899985
210.9186232874692, 4.4099870111127135
210.9112924181323, 4.366863905325443
210.9039615487954, 4.3237407995381725
210.89663067945853, 4.2806176937509015
211.2008617569391, 4.248275364410448
212.55890530159638, 4.9490258334536
212.55157443225949, 4.905902727666329
212.54424356292262, 4.862779621879058
212.53691269358575, 4.819656516091787
212.52958182424885, 4.776533410304516
212.52225095491195, 4.733410304517246
212.5167528029093, 4.701067975176793
212.50025834690132, 4.604040987155432
212.49292747756445, 4.560917881368162
212.48742932556178, 4.528575552027709
213.23334528058945, 5.272449126858131
213.22601441125255, 5.229326021070861
213.2205162592499, 5.1969836917304075
213.2095199552446, 5.1322990330495015
214.3916226358167, 4.798094963198152
214.38612448381406, 4.765752633857699
214.96526316142769, 4.528575552027709
215.91735981655515, 4.66333525761293
215.56639444705195, 4.420767787559532
216.2719906207268, 4.927464280559965
216.2646597513899, 4.884341174772693
216.257328882053, 4.841218068985423
216.24999801271613, 4.798094963198152
216.24266714337926, 4.754971857410881
216.23533627404237, 4.71184875162361
216.22067453536863, 4.625602540049068
216.21517638336596, 4.593260210708616
216.20601279669484, 4.539356328474527
216.19868192735797, 4.4962332226872554
217.56955449335476, 5.272449126858131
217.5640563413521, 5.2401067975176785
218.6710176112212, 4.463890893346802
219.85678572646174, 4.151248376389089
219.84945485712487, 4.108125270601818
221.19283666310838, 4.722629528070428
221.15434959908976, 4.4962332226872554
221.1488514470871, 4.463890893346802
222.26375449207114, 4.9490258334536
222.1513478289056, 4.895121951219512
222.14401695956875, 4.851998845432241
222.13668609023188, 4.80887573964497
222.12935522089498, 4.765752633857699
223.0493793226736, 4.71184875162361
223.04204845333672, 4.668725645836339
223.03471758399985, 4.625602540049068
223.02738671466295, 4.582479434261797
223.02005584532606, 4.539356328474527
223.0127249759892, 4.4962332226872554
223.00539410665232, 4.453110116899985
222.99989595464965, 4.420767787559532
223.5643728935895, 4.097344494155
224.71348666214567, 3.569086448260932
225.0140523049578, 3.5151825660268434
225.00672143562093, 3.4720594602395725
224.99939056628403, 3.4289363544523015
225.94507271074173, 3.525963342473661
225.93774184140486, 3.48284023668639
225.930410972068, 3.439717130899119
225.9249128200653, 3.4073748015586665
227.04103767660547, 4.507013999134074
227.03187408993438, 4.453110116899985
227.0245432205975, 4.4099870111127135
227.01721235126064, 4.366863905325443
227.00988148192374, 4.3237407995381725
227.00255061258684, 4.2806176937509015
226.99521974324998, 4.2374945879636305
226.9878888739131, 4.19437148217636
226.9805580045762, 4.151248376389089
226.97414349390644, 4.113515658825227
226.6250108417375, 3.8817289652186453
226.6158472550664, 3.827825082984557
226.6085163857295, 3.784701977197286
226.60301823372686, 3.7523596478568333
226.59385464705574, 3.698455765622745
226.58652377771887, 3.655332659835474
226.57919290838197, 3.612209554048203
227.843767868994, 3.763140424303651
227.83826971699133, 3.7307980949631974
227.83093884765447, 3.6876749891759264
227.82177526098337, 3.633771106941838
227.81444439164648, 3.590648001154567
227.80711352230958, 3.547524895367296
227.7997826529727, 3.504401789580026
227.79245178363584, 3.461278683792755
227.78512091429894, 3.418155578005484
227.77412461029363, 3.353470919324577
227.76679374095676, 3.310347813537306
227.76129558895408, 3.2780054841968536
228.35143057057303, 3.1055130610477697
229.82493530728618, 2.6635012267282434
229.8176044379493, 2.6203781209409724
229.81027356861244, 2.5772550151537015
229.80294269927555, 2.5341319093664305
229.79652818860578, 2.4963991918025688
230.098010190085, 2.4478856977918886
230.0906793207481, 2.4047625920046176
230.08518116874546, 2.372420262664165
230.7376285397279, 2.566474238706884
231.42856297472898, 2.986924520132775
231.4212321053921, 2.9438014143455042
231.4139012360552, 2.9006783085582333
231.71629959620157, 2.8575552027709623
231.70805236819757, 2.809041708760282
231.39190862804458, 2.7713089911964204
231.38457775870768, 2.7281858854091494
231.3772468893708, 2.6850627796218784
231.36991602003394, 2.6419396738346075
231.36441786803127, 2.609597344494155
232.6198292419722, 2.7066243325155144
232.61249837263534, 2.6635012267282434
232.9148967327817, 2.6203781209409724
232.9084822221119, 2.5826454033771107
232.9002349941079, 2.5341319093664305
233.2044660715885, 2.501789580025977
233.80376463987852, 2.3832010391109826
233.79643377054165, 2.3400779333237116
233.78910290120479, 2.2969548275364406
233.7817720318679, 2.2538317217491697
233.77444116253102, 2.2107086159618987
233.76711029319415, 2.1675855101746277
233.75977942385725, 2.1244624043873577
233.75244855452036, 2.0813392986000867
234.6009966802644, 1.606985134940107
234.59366581092752, 1.563862029152836
234.58633494159062, 1.520738923365565
234.57900407225375, 1.477615817578294
234.57167320291688, 1.4344927117910231
234.56434233358, 1.3913696060037521
234.5570114642431, 1.3482465002164812
234.54968059490622, 1.3051233944292102
234.54234972556935, 1.2620002886419392
234.8465808030499, 1.2296579593014867
235.83808088086312, 1.5962043584932886
236.4758665131718, 1.7040121229614664
236.4685356438349, 1.6608890171741955
236.46120477449804, 1.6177659113869245
237.0714996467934, 1.563862029152836
237.06416877745653, 1.520738923365565
237.05867062545386, 1.4883965940251116
238.02267994325376, 1.693231346514649
238.01534907391687, 1.650108240727378
238.00801820458, 1.606985134940107
238.31041656472635, 1.563862029152836
238.30400205405658, 1.5261293115889734
237.97502929256405, 1.412931158897388
237.96769842322715, 1.369808053110117
237.96036755389025, 1.3266849473228461
237.9530366845534, 1.2835618415355752
237.9457058152165, 1.2404387357483042
238.24627145802864, 1.1865348535142157
239.01906726729155, 1.4812094097272341
238.59998590353317, 1.4452734882378406
238.9598094068184, 1.1326309712801272
238.84740274365294, 1.0787270890460388
238.84007187431604, 1.0356039832587678
238.83274100497914, 0.9924808774714968
238.82541013564227, 0.9493577716842259
238.5120154714906, 0.9277962187905899
239.23593881850763, 1.5423004762592
239.78941945344218, 1.1541925241737623
239.78208858410528, 1.1110694183864913
239.7747577147684, 1.0679463125992203
239.76742684543154, 1.0248232068119494
239.76009597609465, 0.9817001010246793
239.75276510675775, 0.9385769952374083
241.23634978880912, 0.5558594313753789
241.53783179028838, 0.5073459373646996
241.5305009209515, 0.4642228315774286
241.5231700516146, 0.42109972579015764
241.51583918227772, 0.3779766200028867
242.30390763599246, 1.369808053110117
242.60447327880462, 1.3159041708760286
242.59714240946772, 1.2727810650887577
242.58981154013085, 1.2296579593014867
242.58248067079398, 1.1865348535142157
242.5751498014571, 1.1434117477269448
242.5678189321202, 1.1002886419396738
242.56048806278332, 1.0571655361524028
242.55315719344645, 1.0140424303651319
242.54582632410956, 0.9709193245778609
242.5384954547727, 0.9277962187905899
242.53116458543582, 0.8846731130033199
242.52383371609892, 0.8415500072160489
242.51650284676202, 0.7984269014287779
242.50917197742515, 0.755303795641507
242.50275746675538, 0.7175710780776443
242.1866137266024, 0.6798383605137825
242.1792828572655, 0.6367152547265116
243.43652694854063, 0.7445230191946894
243.738925308687, 0.7013999134074185
243.73159443935012, 0.6582768076201475
243.72426357001325, 0.6151537018328765
243.71693270067635, 0.5720305960456056
243.7114345486737, 0.5396882667051521
244.32172942096906, 0.48578438447106365
244.93385701059867, 0.4426612786837927
244.92652614126177, 0.3995381728965217
244.61129875977588, 0.36719584355606916
245.25091710941876, 0.48578438447106365
246.16910849386318, 0.42109972579015764
246.16177762452628, 0.3779766200028867
246.15536311385654, 0.3402439024390249
247.99082952407818, 0.20548419685380281
248.29506060155876, 0.17314186751335026
249.23066280067826, 0.21087458507721202
249.87211386765537, 0.3402439024390249
249.55230469283393, 0.2809496319815272
250.1882576078084, 0.3779766200028867
250.79305432810108, 0.29173040842834475
250.7857234587642, 0.24860730264107378
261.0012898797084, 0.21626497330062033
262.24020679764135, 0.21626497330062033
267.2041216973771, 0.2647784673113005
268.13422574449396, 0.2701688555347097
271.55041085548066, 0.3240727377687982
272.1148877944205, 0.0006494443642663938
272.79299320808207, 0.34563429066243323
273.35380471235345, 0.0006494443642663938
274.5927216302864, 0.0006494443642663938
274.97575955313846, 0.43188050223697516
275.83163854821936, 0.0006494443642663938
276.52440570055467, 0.43188050223697516
277.0705554661523, 0.0006494443642663938
277.45359338900437, 0.43188050223697516
278.3094723840852, 0.0006494443642663938
278.70350661094267, 0.49656516091788117
279.5483893020182, 0.0006494443642663938
280.7873062199511, 0.0006494443642663938
282.02622313788413, 0.0006494443642663938
282.7464810502327, 0.5935921489392406
282.7409828982301, 0.5612498195987881
283.265140055817, 0.0006494443642663938
284.30245806698576, 0.6367152547265116
287.10743194701, 0.7391326309712802
288.0375359941268, 0.7445230191946894
290.22396777385165, 0.8523307836628664
291.1549881796356, 0.8631115601096839
292.72654329372955, 0.9978712656949051
293.96179477699405, 0.9763097128012701
295.30914747053504, 1.0068552460672544
296.1381466113807, 1.0248232068119494
296.13264845937806, 0.9924808774714968
297.10490500518193, 1.2458291239717134
296.78692854769474, 1.1973156299610332
296.77959767835785, 1.1541925241737623
296.77226680902095, 1.1110694183864913
297.7307779748182, 1.2835618415355752
298.3456546404491, 1.256609900418531
299.58365519971494, 1.2512195121951217
300.8225721176479, 1.2512195121951217
301.75359252343185, 1.2620002886419392
302.3987090250774, 1.412931158897388
302.39137815574054, 1.369808053110117
302.38404728640364, 1.3266849473228461
303.02366563604653, 1.4452734882378406
303.9656823458358, 1.520738923365565
303.6504549643499, 1.4883965940251116
304.89487003428553, 1.520738923365565
305.8295558747378, 1.5530812527060185
306.76057628052183, 1.563862029152836
307.80827968991775, 1.6537018328763171
307.3891983261593, 1.6177659113869245
308.9460917015796, 1.6662794053976038
308.6317806787607, 1.6393274642805595
309.5847936925553, 1.77947755808919
309.57654646455137, 1.7309640640785107
310.5249776850104, 1.8441622167700968
312.3998475179178, 1.9411892047914563
313.3400315103728, 2.0058738634723623
313.3327006410359, 1.9627507576850913
314.68096969324404, 1.998686679174484
314.2600556121514, 1.9519699812382738
315.83710887824805, 2.1190720161639485
316.4648145652185, 2.1675855101746277
316.76721292536484, 2.1244624043873577
317.42515844835, 2.350858709770529
317.4123294270104, 2.2753932746428056
317.4049985576735, 2.2322701688555346
317.3995004056709, 2.199927839515081
318.4636982710748, 2.3867946312599218
319.60242664140367, 2.4047625920046176
319.5960121307339, 2.367029874440756
320.54994150319567, 2.5125703564727955
320.85233986334197, 2.4694472506855245
320.53711248185607, 2.437104921345071
322.2054961617747, 2.5341319093664305
322.0930894986092, 2.480228027132342
321.7796948344575, 2.458666474238707
323.3594971765554, 2.6419396738346075
323.03877164306687, 2.5772550151537015
324.5993304531555, 2.6473300620580167
325.86665448976885, 2.8144320969836913
325.86023997909905, 2.7766993794198296
327.1083204837031, 2.830603261653918
328.3490701189703, 2.8413840381007356
329.29566862209504, 2.9438014143455042
329.2883377527582, 2.9006783085582333
329.28283960075555, 2.86833597921778
329.93711968907223, 3.0731707317073162
330.23951804921853, 3.030047625920046
330.2321871798817, 2.986924520132775
331.4775186084844, 3.024657237696637
331.15587671632875, 2.9545821907923218
332.8755764816055, 3.353470919324577
332.76316981843996, 3.2995670370904886
332.75675530777016, 3.261834319526627
333.7271791362399, 3.504401789580026
334.0295774963862, 3.461278683792755
334.0222466270493, 3.418155578005484
334.01491575771246, 3.375032472218213
334.09983166086465, 3.267224707750036
333.9874249976991, 3.2133208255159467
334.3173141178588, 3.331909366430942
334.28982335784553, 3.1701977197286766
335.23642186097027, 3.2726150959734444
334.91844540348313, 3.224101601962765
335.8677929826092, 3.3426901428777596
335.8604621132723, 3.2995670370904886
337.21545112903925, 3.375032472218213
337.1030444658737, 3.3211285899841245
336.789649801722, 3.2995670370904886
337.81719332044156, 3.2708182998989743
338.4470371776353, 3.331909366430942
339.03381217747483, 3.746969259633424
339.02556494947083, 3.698455765622745
338.70850485065074, 3.655332659835474
338.7011739813139, 3.612209554048203
338.693843111977, 3.569086448260932
338.6865122426401, 3.525963342473661
338.6791813733032, 3.48284023668639
338.6718505039663, 3.439717130899119
338.6645196346294, 3.396594025111848
339.6578524297769, 3.7739212007504683
340.3683358496763, 3.702049357771683
340.5852074008924, 3.763140424303651
341.5363876973527, 3.8925097416654637
341.86077866550977, 3.978755953240005
341.8534477961729, 3.9356328474527342
341.8387860574991, 3.8493866358781927
341.83328790549643, 3.8170443065377393
341.82595703615954, 3.7739212007504683
342.74598113793814, 3.72001731851638
342.7386502686013, 3.676894212729109
342.7313193992644, 3.633771106941838
342.7239885299275, 3.590648001154567
342.7166576605906, 3.547524895367296
342.7093267912537, 3.504401789580026
342.70382863925107, 3.4720594602395725
344.08447569769703, 3.698455765622745
343.97206903453156, 3.6445518833886563
343.65684165304566, 3.612209554048203
343.64951078370876, 3.569086448260932
343.6421799143719, 3.525963342473661
343.634849045035, 3.48284023668639
344.9195838963235, 3.7523596478568333
345.5592022459664, 3.870948188771828
345.5518713766295, 3.827825082984557
346.5360405851058, 4.151248376389089
346.5287097157689, 4.108125270601818
346.2116496169488, 4.065002164814548
346.2043187476119, 4.021879059027276
346.1969878782751, 3.978755953240005
346.1896570089382, 3.9356328474527342
346.1841588569355, 3.9032905181122812
347.8855314488701, 4.19437148217636
347.77312478570457, 4.140467599942271
347.76671027503477, 4.102734882378408
348.56730229720006, 4.560917881368162
348.45581199270157, 4.512404387357482
348.13966825254863, 4.47467166979362
348.13233738321173, 4.4315485640063494
348.12500651387484, 4.3884254582190785
348.11767564453794, 4.3453023524318075
348.1103447752011, 4.3021792466445365
348.1030139058642, 4.2590561408572665
349.3950796264895, 4.57169865781498
349.38225060515, 4.4962332226872554
349.37491973581314, 4.453110116899985
349.36758886647624, 4.4099870111127135
349.36025799713934, 4.366863905325443
349.35292712780245, 4.3237407995381725
349.34559625846555, 4.2806176937509015
349.33826538912865, 4.2374945879636305
349.3309345197918, 4.19437148217636
349.32360365045497, 4.151248376389089
349.3162727811181, 4.108125270601818
349.3089419117812, 4.065002164814548
349.6095075545933, 4.011098282580458
349.60217668525644, 3.9679751767931877
349.28878202110474, 3.946413623899552
350.2124715575518, 3.9140712945590987
350.8484244725263, 4.011098282580458
350.5295316563719, 3.9571944003463697
350.5167026350324, 3.8817289652186453
351.203971635365, 4.2806176937509015
351.1966407660281, 4.2374945879636305
351.49720640884027, 4.183590705729542
351.4898755395034, 4.140467599942271
351.1746481580175, 4.108125270601818
351.1673172886806, 4.065002164814548
352.7306251747706, 4.151248376389089
352.7242106641008, 4.113515658825227
353.3354218950633, 4.065002164814548
353.3280910257264, 4.021879059027276
353.3207601563895, 3.978755953240005
353.3134292870526, 3.9356328474527342
353.3060984177157, 3.8925097416654637
353.6818054712309, 4.2806176937509015
353.674474601894, 4.2374945879636305
353.6671437325572, 4.19437148217636
353.6598128632203, 4.151248376389089
353.6524819938834, 4.108125270601818
354.8168684068914, 4.884341174772693
354.70446174372586, 4.830437292538605
354.69713087438896, 4.787314186751335
354.69071636371916, 4.749581469187472
354.3745726235662, 4.71184875162361
354.3672417542293, 4.668725645836339
354.35991088489243, 4.625602540049068
354.35258001555553, 4.582479434261797
354.3452491462187, 4.539356328474527
354.3379182768818, 4.4962332226872554
354.33058740754495, 4.453110116899985
354.32325653820806, 4.4099870111127135
354.31592566887116, 4.366863905325443
355.6134895414991, 4.71184875162361
355.6061586721623, 4.668725645836339
355.90947339097573, 4.630992928272477
355.90122616297174, 4.582479434261797
355.89389529363484, 4.539356328474527
355.88656442429794, 4.4962332226872554
355.8792335549611, 4.453110116899985
355.8719026856242, 4.4099870111127135
355.86457181628737, 4.366863905325443
357.2207826436104, 5.056833597921777
357.2134517742735, 5.013710492134507
357.2061209049366, 4.970587386347235
357.19879003559976, 4.927464280559965
357.19145916626286, 4.884341174772693
357.184128296926, 4.841218068985423
357.1767974275891, 4.798094963198152
357.1694665582522, 4.754971857410881
357.1621356889153, 4.71184875162361
357.15480481957843, 4.668725645836339
357.14747395024153, 4.625602540049068
357.1401430809047, 4.582479434261797
357.13281221156785, 4.539356328474527
356.8175848300819, 4.507013999134074
358.1499703320601, 5.056833597921777
358.1426394627232, 5.013710492134507
358.1353085933863, 4.970587386347235
358.12797772404946, 4.927464280559965
358.43129244286297, 4.8897315629961025
358.1133159853757, 4.841218068985423
358.1059851160388, 4.798094963198152
358.4092998348523, 4.7603622456342904
358.4001362481812, 4.706458363400202
358.08399250802813, 4.668725645836339
358.07666163869123, 4.625602540049068
358.37997635750475, 4.587869822485207
359.6772347772437, 4.3237407995381725
359.5666608314124, 4.2806176937509015
360.34434388689994, 4.604040987155432
360.23193722373435, 4.550137104921344
360.2246063543975, 4.507013999134074
360.21727548506067, 4.463890893346802
360.20994461572377, 4.420767787559532
360.2026137463869, 4.377644681772261
360.99679125788236, 4.798094963198152
360.88438459471683, 4.744191080964063
360.87705372537994, 4.701067975176793
360.8706392147102, 4.66333525761293
360.503179389199, 4.3237407995381725
360.4976812371964, 4.291398470197719
361.82640130450613, 4.819656516091787
361.81907043516924, 4.776533410304516
362.12146879531554, 4.733410304517246
362.1141379259787, 4.690287198729974
361.7989105444928, 4.657944869389522
363.36038571324855, 4.733410304517246
363.35305484391165, 4.690287198729974
363.9871750415519, 4.776533410304516
363.96518243354126, 4.647164092942704
363.6481223347211, 4.604040987155432
363.64262418271846, 4.57169865781498
364.6002189898486, 4.7388006927406545
364.5910554031775, 4.684896810506566
365.3287241302012, 5.380256891326309
365.3213932608643, 5.337133785539038
365.3140623915274, 5.294010679751767
365.3067315221905, 5.250887573964496
365.29940065285365, 5.207764468177226
365.29206978351675, 5.164641362389954
365.2847389141799, 5.121518256602684
365.2783244035101, 5.083785539038821
364.96034794602286, 5.035272045028142
364.9548497940202, 5.002929715687689
364.93652262067803, 4.895121951219512
364.92369359933843, 4.819656516091787
364.9163627300016, 4.776533410304516
365.65311509835817, 5.466503102900851
365.6457842290213, 5.42337999711358
366.2102611679611, 5.099956703709048
366.5126595281075, 5.056833597921777
366.5053286587706, 5.013710492134507
366.4979977894337, 4.970587386347235
366.4906669200969, 4.927464280559965
366.48333605076, 4.884341174772693
366.47600518142315, 4.841218068985423
366.46867431208625, 4.798094963198152
366.46134344274935, 4.754971857410881
366.4549289320796, 4.717239139847019
367.84748865319796, 5.013710492134507
367.7359983486996, 4.965196998123827
367.4198546085466, 4.927464280559965
367.4125237392097, 4.884341174772693
367.40519286987285, 4.841218068985423
367.39786200053595, 4.798094963198152
367.39053113119905, 4.754971857410881
367.38320026186216, 4.71184875162361
367.37586939252526, 4.668725645836339
368.6734332651533, 5.013710492134507
368.66610239581644, 4.970587386347235
368.96850075596274, 4.927464280559965
368.9630026039601, 4.895121951219512
370.3106607503902, 4.927464280559965
369.89219029240985, 4.895121951219512
370.9411155133619, 4.992148939240871
370.9191229053513, 4.862779621879058
370.80671624218576, 4.80887573964497
370.79938537284886, 4.765752633857699
370.48599070869716, 4.744191080964063
371.13660536234545, 4.927464280559965
371.77255827731983, 5.024491268581324
372.4818198856631, 5.552749314475392
372.4744890163263, 5.509626208688122
372.4671581469894, 5.466503102900851
372.4598272776525, 5.42337999711358
372.4524964083156, 5.380256891326309
372.754894768462, 5.337133785539038
373.0572931286083, 5.294010679751767
373.0499622592714, 5.250887573964496
373.0444641072688, 5.218545244624043
373.62910093688504, 5.013710492134507
373.9324156556985, 4.975977774570644
374.54362688666106, 4.927464280559965
374.2265667878409, 4.884341174772693
374.21923591850407, 4.841218068985423
375.1722489322986, 4.981368162794054
376.032404267826, 5.789926396305383
375.91999760466047, 5.736022514071294
375.9126667353236, 5.692899408284022
375.90533586598673, 5.649776302496752
375.8980049966499, 5.60665319670948
375.890674127313, 5.56353009092221
375.8833432579761, 5.520406985134939
375.5699485938244, 5.498845432241303
375.85310342196146, 5.342524173762447
375.5351269644742, 5.294010679751767
375.5277960951373, 5.250887573964496
375.5204652258005, 5.207764468177226
375.5131343564636, 5.164641362389954
375.50580348712674, 5.121518256602684
375.49847261778984, 5.078395150815412
375.49114174845295, 5.035272045028142
376.18390890078825, 5.466503102900851
376.17657803145136, 5.42337999711358
376.8253599677654, 5.595872420262664
376.8180290984285, 5.552749314475392
377.1185947412406, 5.498845432241303
377.4191603840527, 5.444941550007215
377.4118295147158, 5.401818444219945
377.40449864537896, 5.358695338432673
377.3971677760421, 5.315572232645403
377.3898369067052, 5.272449126858131
377.38250603736833, 5.229326021070861
377.371509733363, 5.164641362389954
377.36417886402614, 5.121518256602684
377.35684799468925, 5.078395150815412
377.34951712535235, 5.035272045028142
377.34218625601545, 4.992148939240871
377.6345046708236, 4.8897315629961025
378.2475486191204, 4.851998845432241
378.58476860861686, 5.013710492134507
378.57743773927996, 4.970587386347235
378.5701068699431, 4.927464280559965
378.5627760006062, 4.884341174772693
379.6074248811118, 5.56353009092221
379.2885320649575, 5.509626208688122
379.2812011956206, 5.466503102900851
379.2738703262837, 5.42337999711358
379.2592085876099, 5.337133785539038
379.2518777182731, 5.294010679751767
379.2445468489362, 5.250887573964496
379.23721597959934, 5.207764468177226
379.22988511026244, 5.164641362389954
379.22255424092555, 5.121518256602684
379.21522337158865, 5.078395150815412
379.9556411746137, 5.789926396305383
380.25620681742583, 5.736022514071294
380.248875948089, 5.692899408284022
380.2415450787521, 5.649776302496752
380.2342142094152, 5.60665319670948
380.5366125695615, 5.56353009092221
381.4529712366717, 5.488064655794486
381.4456403673348, 5.444941550007215
381.4383094979979, 5.401818444219945
382.0513534462946, 5.364085726656082
382.35283544777394, 5.315572232645403
382.65523380792024, 5.272449126858131
382.64790293858334, 5.229326021070861
382.6414884279136, 5.191593303506998
382.94297042939286, 5.143079809496319
382.93563956005596, 5.099956703709048
382.92830869071906, 5.056833597921777
384.58325244352005, 5.682118631837206
384.57592157418316, 5.638995526049934
384.5685907048463, 5.595872420262664
384.5612598355094, 5.552749314475392
384.5548453248396, 5.515016596911531
384.2368688673524, 5.466503102900851
384.22953799801553, 5.42337999711358
384.22220712867863, 5.380256891326309
384.21487625934174, 5.337133785539038
385.497778393296, 5.595872420262664
385.8001767534423, 5.552749314475392
385.7937622427726, 5.515016596911531
385.7864313734357, 5.471893491124259
386.39580988706393, 5.4125992206667615
386.38847901772704, 5.369476114879491
386.38114814839014, 5.32635300909222
386.37381727905324, 5.2832299033049495
386.36648640971646, 5.2401067975176785
386.35915554037956, 5.1969836917304075
386.66155390052586, 5.153860585943137
387.6640502823444, 5.585091643815845
387.6567194130075, 5.541968538028575
387.6493885436706, 5.498845432241303
387.6420576743337, 5.455722326454033
387.32683029284783, 5.42337999711358
388.90296720027743, 5.585091643815845
388.584074384123, 5.531187761581757
388.57674351478613, 5.488064655794486
388.57124536278343, 5.455722326454033
390.1418841182103, 5.585091643815845
391.0655736546573, 5.552749314475392
392.060739167139, 5.940857266560831
392.0534082978021, 5.89773416077356
392.0460774284652, 5.854611054986289
392.0387465591284, 5.811487949199018
392.0314156897915, 5.768364843411747
392.0240848204546, 5.725241737624476
392.0167539511177, 5.682118631837206
392.0094230817808, 5.638995526049934
392.0030085711111, 5.601262808486072
392.3777992659591, 5.9839803723481015
392.93494533556213, 5.617433973156299
393.7853261786404, 5.153860585943137
393.7798280266377, 5.121518256602684
395.09205363793944, 5.552749314475392
395.08472276860266, 5.509626208688122
395.07739189926576, 5.466503102900851
395.07006102992887, 5.42337999711358
395.06273016059197, 5.380256891326309
395.05539929125507, 5.337133785539038
395.0480684219182, 5.294010679751767
395.0407375525813, 5.250887573964496
395.0334066832444, 5.207764468177226
395.02699217257464, 5.170031750613363
396.0542302384051, 5.746803290518111
396.35662859855154, 5.703680184730841
396.34929772921464, 5.66055707894357
396.34196685987774, 5.617433973156299
396.33463599054085, 5.574310867369028
396.32730512120395, 5.531187761581757
396.3208906105342, 5.493455044017895
396.4122210243562, 5.42337999711358
396.28423626384983, 5.27783951508154
397.0212940850954, 5.362288930581613
396.6003800040028, 5.315572232645403
397.6987885929789, 5.703680184730841
397.28031813499854, 5.671337855390387
397.6841268543051, 5.617433973156299
397.57172019113966, 5.56353009092221
397.56438932180276, 5.520406985134939
397.25099465765106, 5.498845432241303
397.5543093764645, 5.461112714677442
397.2125075936324, 5.272449126858131
397.2051767242955, 5.229326021070861
397.1978458549587, 5.18620291528359
397.1905149856218, 5.143079809496319
397.1850168336191, 5.110737480155866
397.9584235486601, 6.016322701688554
398.2553237568038, 5.940857266560831
398.2479928874669, 5.89773416077356
398.24066201813, 5.854611054986289
398.2333311487931, 5.811487949199018
398.22600027945623, 5.768364843411747
398.16735332476117, 5.42337999711358
398.16002245542427, 5.380256891326309
398.2522692279134, 5.315572232645403
399.00368333494373, 6.0917881368162785
398.5833801596292, 6.0486650310290075
398.83812786908584, 5.725241737624476
398.83079699974894, 5.682118631837206
398.82346613041204, 5.638995526049934
398.81613526107515, 5.595872420262664
398.80880439173825, 5.552749314475392
398.80147352240147, 5.509626208688122
398.79414265306457, 5.466503102900851
398.7593210237144, 5.261668350411314
399.4942406747367, 5.940857266560831
399.4869098053998, 5.89773416077356
399.4795789360629, 5.854611054986289
399.47224806672614, 5.811487949199018
399.46491719738924, 5.768364843411747
399.4062702426942, 5.42337999711358
399.3989393733573, 5.380256891326309
399.3916085040204, 5.337133785539038
399.3842776346835, 5.294010679751767
399.76731555753554, 5.725241737624476
399.75998468819864, 5.682118631837206
399.75265381886186, 5.638995526049934
399.74532294952496, 5.595872420262664
399.73799208018806, 5.552749314475392
399.73066121085117, 5.509626208688122
399.72333034151427, 5.466503102900851
399.6885087121641, 5.261668350411314
400.85106240783784, 6.027103478135372
400.7386557446723, 5.973199595901283
400.4252610805206, 5.951638043007648
401.376441376981, 6.081007360369461
401.03922138748453, 5.919295713667195
401.03189051814763, 5.876172607879925
401.63668723844035, 5.789926396305383
401.62935636910345, 5.746803290518111
401.62202549976655, 5.703680184730841
401.61469463042965, 5.66055707894357
401.91526027324176, 5.60665319670948
401.907929403905, 5.56353009092221
401.9005985345681, 5.520406985134939
401.8932676652312, 5.477283879347668
401.8859367958943, 5.434160773560397
401.8786059265574, 5.391037667773126
401.5652112624057, 5.369476114879491
402.1791715693695, 5.337133785539038
402.1736734173668, 5.3047914561985845
402.1626771133615, 5.2401067975176785
402.1461826573535, 5.143079809496319
402.44033378949587, 5.051443209698368
403.05337773779263, 5.013710492134507
403.04787958578993, 4.981368162794054
403.8493879666223, 5.444941550007215
403.7369813034568, 5.391037667773126
403.7296504341199, 5.347914561985856
403.722319564783, 5.3047914561985845
403.7149886954462, 5.261668350411314
403.7076578261093, 5.218545244624043
403.7003269567724, 5.1754221388367725
403.6929960874355, 5.1322990330495015
403.6856652180986, 5.089175927262231
403.6792507074289, 5.051443209698368
405.1286246659081, 5.682118631837206
405.01621800274256, 5.628214749603116
405.0088871334058, 5.585091643815845
405.0015562640689, 5.541968538028575
404.994225394732, 5.498845432241303
404.9868945253951, 5.455722326454033
404.6734998612434, 5.434160773560397
405.3900923389235, 6.005541925241737
405.38276146958674, 5.962418819454466
405.37543060024984, 5.919295713667195
405.36809973091295, 5.876172607879925
405.36076886157605, 5.833049502092653
405.35343799223915, 5.789926396305383
405.34610712290225, 5.746803290518111
405.7004324741848, 5.401818444219945
405.5880258110193, 5.347914561985856
405.5806949416824, 5.3047914561985845
405.5733640723456, 5.261668350411314
405.2599694081939, 5.2401067975176785
405.9472384085266, 5.638995526049934
405.9399075391897, 5.595872420262664
405.9325766698528, 5.552749314475392
405.9252458005159, 5.509626208688122
405.917914931179, 5.466503102900851
406.5098826301322, 5.3047914561985845
406.4988863261269, 5.2401067975176785
406.4860573047873, 5.164641362389954
406.4787264354504, 5.121518256602684
406.47139556611353, 5.078395150815412
406.46406469677675, 5.035272045028142
406.45673382743985, 4.992148939240871
406.7600485462532, 4.954416221677009
406.44207208876605, 4.905902727666329
406.43474121942916, 4.862779621879058
406.42741035009226, 4.819656516091787
406.42007948075536, 4.776533410304516
406.8220554827277, 4.71184875162361
407.0175453317112, 4.647164092942704
407.0120471797086, 4.614821763602251
408.255240438088, 5.854611054986289
408.14283377492245, 5.8007071727522
408.13550290558555, 5.757584066964929
408.12817203624877, 5.714460961177658
408.1208411669119, 5.671337855390387
408.113510297575, 5.628214749603116
408.1061794282381, 5.585091643815845
408.0988485589012, 5.541968538028575
408.0915176895643, 5.498845432241303
408.0841868202274, 5.455722326454033
408.0768559508906, 5.4125992206667615
408.0695250815537, 5.369476114879491
408.0621942122168, 5.32635300909222
408.0548633428799, 5.2832299033049495
408.047532473543, 5.2401067975176785
408.0402016042061, 5.1969836917304075
408.0328707348692, 5.153860585943137
408.02553986553244, 5.110737480155866
408.01820899619554, 5.0676143743685955
408.01087812685864, 5.024491268581324
408.00354725752175, 4.981368162794054
407.99621638818485, 4.938245057006782
407.98888551884795, 4.895121951219512
407.98155464951105, 4.851998845432241
407.97422378017427, 4.80887573964497
407.9668929108374, 4.765752633857699
407.6534982466857, 4.744191080964063
408.90035693973357, 6.005541925241737
408.78795027656804, 5.951638043007648
408.78061940723114, 5.908514937220377
409.1471628740752, 6.2427190070717264
409.1398320047383, 6.1995959012844555
409.4403976475505, 6.145692019050367
409.43306677821363, 6.102568913263096
409.42573590887673, 6.059445807475825
409.494157356021, 5.854611054986289
409.38175069285546, 5.8007071727522
409.37441982351856, 5.757584066964929
409.36708895418167, 5.714460961177658
409.3606744435119, 5.6767282436137965
410.1319429883297, 5.962418819454466
410.01953632516415, 5.908514937220377
410.6710673374795, 6.097178525039688
410.66098739214124, 6.03788425458219
410.32010196797626, 5.854611054986289
410.31277109863936, 5.811487949199018
410.6160858174528, 5.773755231635156
410.29810935996557, 5.725241737624476
410.29077849062867, 5.682118631837206
410.2834476212919, 5.638995526049934
410.276116751955, 5.595872420262664
410.2706185999523, 5.56353009092221
410.9945419469693, 6.17803434839082
410.9872110776324, 6.1349112426035495
411.7771122486814, 5.315572232645403
411.74778877133394, 5.143079809496319
411.74045790199705, 5.099956703709048
412.46987940101667, 5.746803290518111
412.4625485316798, 5.703680184730841
412.455217662343, 5.66055707894357
412.4478867930061, 5.617433973156299
412.4405559236692, 5.574310867369028
412.4332250543323, 5.531187761581757
412.4258941849954, 5.488064655794486
412.4185633156585, 5.444941550007215
412.4112324463216, 5.401818444219945
412.4039015769847, 5.358695338432673
412.389239838311, 5.272449126858131
412.38190896897413, 5.229326021070861
412.37457809963723, 5.18620291528359
412.35258549162654, 5.056833597921777
412.34525462228976, 5.013710492134507
412.33792375295286, 4.970587386347235
412.33242560095016, 4.938245057006782
412.7062999371311, 5.315572232645403
412.67697645978365, 5.143079809496319
412.66964559044675, 5.099956703709048
413.75278153497095, 6.005541925241737
413.74545066563405, 5.962418819454466
413.73811979629716, 5.919295713667195
413.73078892696026, 5.876172607879925
413.72345805762336, 5.833049502092653
413.7161271882866, 5.789926396305383
413.7087963189497, 5.746803290518111
413.68588735227195, 5.61204358493289
414.1798046738443, 6.69551161783807
414.1724738045074, 6.6523885120508
414.1651429351705, 6.609265406263529
414.1578120658337, 6.566142300476258
414.1504811964968, 6.523019194688987
414.1431503271599, 6.479896088901716
414.135819457823, 6.436772983114445
414.1284885884861, 6.393649877327174
414.1211577191492, 6.350526771539904
414.1138268498123, 6.3074036657526324
414.10649598047553, 6.264280559965362
414.09916511113863, 6.221157454178091
414.09183424180173, 6.17803434839082
414.08450337246484, 6.1349112426035495
414.07717250312794, 6.0917881368162785
414.06984163379104, 6.0486650310290075
414.011194679096, 5.703680184730841
414.0038638097592, 5.66055707894357
413.9892020710854, 5.574310867369028
414.29251678989885, 5.536578149805166
414.9018953035271, 5.477283879347668
414.8945644341902, 5.434160773560397
414.8872335648533, 5.391037667773126
414.8799026955164, 5.347914561985856
414.8725718261795, 5.3047914561985845
414.86524095684274, 5.261668350411314
414.55184629269104, 5.2401067975176785
415.5787789056325, 5.207764468177226
415.46637224246695, 5.153860585943137
415.45904137313016, 5.110737480155866
415.45171050379327, 5.0676143743685955
415.44437963445637, 5.024491268581324
415.43704876511947, 4.981368162794054
415.4297178957826, 4.938245057006782
415.4223870264457, 4.895121951219512
415.4168888744431, 4.862779621879058
416.6484749230391, 4.819656516091787
416.64206041236935, 4.7819237985279255
416.63472954303245, 4.7388006927406545
416.6264823150285, 4.690287198729974
416.6191514456916, 4.647164092942704
416.6118205763547, 4.604040987155432
416.2965931948688, 4.57169865781498
417.29634050068603, 4.986758551017462
417.5996552194995, 4.9490258334536
417.5923243501626, 4.905902727666329
417.5849934808257, 4.862779621879058
417.5776626114888, 4.819656516091787
417.5703317421519, 4.776533410304516
417.5630008728151, 4.733410304517246
417.5556700034782, 4.690287198729974
417.5501718514755, 4.657944869389522
418.56366453729936, 5.153860585943137
418.24477172114496, 5.099956703709048
418.23744085180806, 5.056833597921777
418.2301099824713, 5.013710492134507
419.2961405652094, 5.211358060326164
419.52034298576234, 5.315572232645403
419.51301211642544, 5.272449126858131
420.57843179338556, 5.466503102900851
420.4669414888872, 5.417989608890171
420.15079774873413, 5.380256891326309
420.14529959673155, 5.347914561985856
421.1056434798629, 5.531187761581757
421.7324328081663, 5.574310867369028
421.7177710694925, 5.488064655794486
421.71044020015563, 5.444941550007215
421.7040256894859, 5.407208832443353
422.46979608230095, 5.66055707894357
422.3573894191354, 5.60665319670948
422.44780347429025, 5.531187761581757
422.3179859964497, 5.374866503102901
422.95302255275703, 5.466503102900851
422.94569168342014, 5.42337999711358
423.71237843490235, 5.682118631837206
423.5999717717368, 5.628214749603116
423.59264090240003, 5.585091643815845
423.58531003306314, 5.541968538028575
423.57797916372624, 5.498845432241303
423.56148470771825, 5.401818444219945
424.26249908805744, 5.881562996103333
424.2469209907166, 5.789926396305383
424.2395901213797, 5.746803290518111
423.87854480653834, 5.444941550007215
424.93785542571766, 6.210376677731274
424.9305245563809, 6.167253571944002
424.923193687044, 6.124130466156732
424.9158628177071, 6.081007360369461
424.90944830703734, 6.043274642805599
424.5933045668843, 6.005541925241737
424.5859736975474, 5.962418819454466
424.5786428282105, 5.919295713667195
424.5639810895367, 5.833049502092653
424.5419884815261, 5.703680184730841
424.5346576121892, 5.66055707894357
425.45284899663363, 5.595872420262664
425.44551812729674, 5.552749314475392
425.439103616627, 5.515016596911531
426.1535579240839, 5.466503102900851
426.04115126091835, 5.4125992206667615
426.03382039158146, 5.369476114879491
426.02648952224456, 5.32635300909222
425.71126214075866, 5.294010679751767
425.70393127142177, 5.250887573964496
426.00632963156806, 5.207764468177226
425.9989987622313, 5.164641362389954
425.9898351755602, 5.110737480155866
425.6746077940743, 5.078395150815412
425.9751734368864, 5.024491268581324
425.96875892621665, 4.986758551017462
425.9605116982126, 4.938245057006782
425.95409718754286, 4.900512339442921
425.6379534473899, 4.862779621879058
425.94126816620326, 4.8250469043151964
425.9330209381993, 4.776533410304516
425.9256900688624, 4.733410304517246
425.9192755581927, 4.6956775869533836
426.7913435563926, 5.574310867369028
426.67893689322705, 5.520406985134939
426.53048678915513, 4.647164092942704
426.52315591981824, 4.604040987155432
426.51582505048145, 4.560917881368162
426.20059766899544, 4.528575552027709
427.3924748420168, 5.466503102900851
427.28006817885125, 5.4125992206667615
427.27273730951435, 5.369476114879491
427.26540644017746, 5.32635300909222
427.25807557084056, 5.2832299033049495
427.2507447015038, 5.2401067975176785
427.2434138321669, 5.1969836917304075
427.23608296283, 5.153860585943137
427.2287520934931, 5.110737480155866
427.2214212241562, 5.0676143743685955
427.2140903548193, 5.024491268581324
427.2067594854824, 4.981368162794054
427.1994286161456, 4.938245057006782
427.1920977468087, 4.895121951219512
427.1847668774718, 4.851998845432241
427.1774360081349, 4.80887573964497
427.170105138798, 4.765752633857699
427.1627742694611, 4.722629528070428
427.1554434001242, 4.679506422283158
427.9856643525261, 5.919295713667195
427.9783334831892, 5.876172607879925
427.9710026138523, 5.833049502092653
427.9636717445155, 5.789926396305383
427.9563408751786, 5.746803290518111
427.9490100058417, 5.703680184730841
427.94167913650483, 5.66055707894357
427.93434826716793, 5.617433973156299
427.92701739783104, 5.574310867369028
427.91968652849414, 5.531187761581757
427.45600904293644, 4.625602540049068
427.44867817359955, 4.582479434261797
428.22208488864055, 5.488064655794486
428.21475401930365, 5.444941550007215
428.20742314996676, 5.401818444219945
428.50798879277886, 5.347914561985856
429.12011638240847, 5.3047914561985845
429.1109527957374, 5.250887573964496
428.7938926969173, 5.207764468177226
429.0962910570637, 5.164641362389954
429.08987654639384, 5.126908644826092
429.0816293183899, 5.078395150815412
429.07521480772016, 5.040662433251551
428.7590710675671, 5.002929715687689
428.7517401982302, 4.959806609900418
429.0431422543712, 4.851998845432241
429.03031323303173, 4.776533410304516
429.6680988653404, 4.884341174772693
429.64244082266134, 4.733410304517246
429.63510995332445, 4.690287198729974
429.62777908398755, 4.647164092942704
429.62044821465065, 4.604040987155432
429.61311734531375, 4.560917881368162
429.60578647597686, 4.517794775580891
429.59845560663996, 4.47467166979362
429.59112473730306, 4.4315485640063494
429.5837938679663, 4.3884254582190785
429.5764629986294, 4.3453023524318075
429.5691321292925, 4.3021792466445365
430.41218210303384, 5.617433973156299
430.4057675923641, 5.579701255592436
430.4677745288385, 5.337133785539038
430.355367865673, 5.2832299033049495
430.0401404841871, 5.250887573964496
430.0254787455134, 5.164641362389954
430.0181478761765, 5.121518256602684
430.0108170068396, 5.078395150815412
430.0053188548369, 5.04605282147496
429.9723299428209, 4.851998845432241
429.95950092148144, 4.776533410304516
430.7732274178752, 5.919295713667195
430.7658965485383, 5.876172607879925
430.7585656792014, 5.833049502092653
430.7512348098646, 5.789926396305383
430.74390394052773, 5.746803290518111
431.04630230067403, 5.703680184730841
431.03897143133725, 5.66055707894357
431.01697882332655, 5.531187761581757
431.00964795398966, 5.488064655794486
431.00231708465276, 5.444941550007215
430.99498621531586, 5.401818444219945
430.929008391284, 5.013710492134507
430.9235102392813, 4.981368162794054
431.7543420974612, 5.617433973156299
431.64193543429576, 5.56353009092221
431.7103568814399, 5.358695338432673
431.5979502182744, 5.3047914561985845
431.5906193489376, 5.261668350411314
431.5832884796007, 5.218545244624043
431.5759576102638, 5.1754221388367725
431.5686267409269, 5.1322990330495015
431.56129587159, 5.089175927262231
431.5539650022531, 5.04605282147496
431.94250107710786, 5.509626208688122
431.93517020777097, 5.466503102900851
431.92783933843407, 5.42337999711358
432.26750295104296, 4.992148939240871
431.8490324930626, 4.959806609900418
432.9272811913622, 5.229326021070861
432.8148745281967, 5.1754221388367725
432.90528858335153, 5.099956703709048
432.792881920186, 5.04605282147496
432.87596510600406, 4.927464280559965
432.76355844283853, 4.873560398325877
432.75622757350163, 4.830437292538605
432.74889670416474, 4.787314186751335
432.74156583482784, 4.744191080964063
432.73423496549094, 4.701067975176793
432.72690409615416, 4.657944869389522
432.71957322681726, 4.614821763602251
432.71224235748036, 4.57169865781498
432.70491148814347, 4.528575552027709
432.69758061880657, 4.485452446240438
433.0934475629982, 4.992148939240871
434.14359459550644, 5.703680184730841
434.13626372616955, 5.66055707894357
434.12893285683265, 5.617433973156299
434.12160198749575, 5.574310867369028
434.11427111815885, 5.531187761581757
434.10694024882207, 5.488064655794486
434.0996093794852, 5.444941550007215
433.7825492806651, 5.401818444219945
433.7752184113282, 5.358695338432673
433.7678875419913, 5.315572232645403
433.7623893899886, 5.2832299033049495
434.8162018571653, 6.016322701688554
434.497309041011, 5.962418819454466
434.7978746838231, 5.908514937220377
434.7905438144862, 5.865391831433106
434.7841293038165, 5.827659113869244
434.77588207581243, 5.779145619858564
434.76855120647565, 5.736022514071294
435.270715756052, 6.868004040987154
435.26338488671513, 6.824880935199883
435.25605401737823, 6.781757829412612
435.25055586537553, 6.74941550007216
435.24139227870444, 6.69551161783807
435.22123238802806, 6.576923076923076
435.06911684928775, 5.682118631837206
435.8095346523128, 6.393649877327174
435.8022037829759, 6.350526771539904
435.794872913639, 6.3074036657526324
435.7875420443021, 6.264280559965362
435.7802111749652, 6.221157454178091
435.7728803056283, 6.17803434839082
435.7655494362914, 6.1349112426035495
435.7582185669546, 6.0917881368162785
435.7508876976177, 6.0486650310290075
436.6058503340315, 5.61204358493289
436.59210495402476, 5.531187761581757
436.584774084688, 5.488064655794486
436.5774432153511, 5.444941550007215
436.5701123460142, 5.401818444219945
436.5627814766773, 5.358695338432673
436.5554506073404, 5.315572232645403
436.5481197380035, 5.272449126858131
436.5407888686666, 5.229326021070861
436.5334579993298, 5.18620291528359
436.5261271299929, 5.143079809496319
436.518796260656, 5.099956703709048
436.5114653913191, 5.056833597921777
436.5059672393164, 5.024491268581324
436.4986363699795, 4.981368162794054
437.8389636470728, 4.970587386347235
437.72655698390724, 4.916683504113147
437.71922611457035, 4.873560398325877
437.71189524523345, 4.830437292538605
437.70456437589655, 4.787314186751335
437.69723350655966, 4.744191080964063
437.68990263722276, 4.701067975176793
437.682571767886, 4.657944869389522
437.6752408985491, 4.614821763602251
437.3600135170632, 4.582479434261797
437.3526826477263, 4.539356328474527
437.3453517783894, 4.4962332226872554
437.3380209090525, 4.453110116899985
437.64133562786594, 4.415377399336123
437.3233591703787, 4.366863905325443
437.3160283010418, 4.3237407995381725
437.3086974317049, 4.2806176937509015
437.3031992797023, 4.248275364410448
438.1297547974357, 5.466503102900851
438.1224239280988, 5.42337999711358
438.1150930587619, 5.380256891326309
438.1077621894251, 5.337133785539038
438.1004313200882, 5.294010679751767
438.0931004507513, 5.250887573964496
438.0857695814144, 5.207764468177226
438.3881679415608, 5.164641362389954
438.0711078427406, 5.121518256602684
438.37350620288703, 5.078395150815412
438.3670916922173, 5.040662433251551
438.2268888161494, 4.215933035069995
438.21955794681253, 4.1728099292827245
438.21222707747563, 4.129686823495453
438.20489620813873, 4.086563717708183
437.88783610931864, 4.043440611920912
437.88050523998174, 4.000317506133641
437.87500708797904, 3.9679751767931877
438.7547114084048, 5.498845432241303
438.6704064110306, 5.002929715687689
438.65391195502264, 4.905902727666329
438.64658108568585, 4.862779621879058
438.63191934701206, 4.776533410304516
438.62458847767516, 4.733410304517246
438.61725760833826, 4.690287198729974
438.60992673900137, 4.647164092942704
438.60259586966447, 4.604040987155432
438.5952650003277, 4.560917881368162
438.5879341309908, 4.517794775580891
438.5806032616539, 4.47467166979362
438.573272392317, 4.4315485640063494
438.5659415229801, 4.3884254582190785
438.5586106536432, 4.3453023524318075
438.5512797843063, 4.3021792466445365
438.5439489149695, 4.2590561408572665
439.85250909160277, 6.490676865348534
439.8451782222659, 6.447553759561263
439.837847352929, 6.404430653773993
439.8305164835921, 6.361307547986721
439.8231856142553, 6.318184442199451
439.8158547449184, 6.27506133641218
439.8085238755815, 6.231938230624909
439.8011930062446, 6.188815124837638
439.7938621369077, 6.145692019050367
439.7865312675708, 6.102568913263096
439.7792003982339, 6.059445807475825
439.7718695288971, 6.016322701688554
439.76453865956023, 5.973199595901283
439.75720779022333, 5.930076490114013
439.74987692088644, 5.886953384326741
439.74254605154954, 5.843830278539471
439.73521518221264, 5.8007071727522
439.72788431287574, 5.757584066964929
439.72055344353896, 5.714460961177658
439.71322257420206, 5.671337855390387
439.39982791005036, 5.649776302496752
440.6075886333016, 5.466503102900851
440.5984250466305, 5.4125992206667615
440.5892614599594, 5.358695338432673
440.5819305906225, 5.315572232645403
440.5745997212856, 5.272449126858131
440.5672688519487, 5.229326021070861
440.5599379826119, 5.18620291528359
440.55260711327503, 5.143079809496319
440.54527624393813, 5.099956703709048
440.53794537460124, 5.056833597921777
440.53061450526434, 5.013710492134507
440.52328363592744, 4.970587386347235
440.51595276659054, 4.927464280559965
440.50862189725376, 4.884341174772693
440.50129102791686, 4.841218068985423
440.49396015857997, 4.798094963198152
440.48662928924307, 4.754971857410881
440.4792984199062, 4.71184875162361
440.4719675505693, 4.668725645836339
440.4664693985667, 4.636383316495886
441.3883262176795, 4.593260210708616
441.3809953483426, 4.550137104921344
441.3736644790057, 4.507013999134074
441.3663336096688, 4.463890893346802
441.3590027403319, 4.420767787559532
441.351671870995, 4.377644681772261
441.3443410016582, 4.33452157598499
441.3370101323213, 4.291398470197719
441.3296792629844, 4.248275364410448
441.32234839364753, 4.205152258623178
441.31501752431063, 4.162029152835906
441.30768665497374, 4.118906047048636
441.30035578563684, 4.075782941261364
441.29302491630006, 4.032659835474094
440.97963025214835, 4.011098282580458
442.51911281289347, 3.9571944003463697
442.51178194355657, 3.9140712945590987
442.5044510742197, 3.870948188771828
442.4971202048828, 3.827825082984557
442.4897893355459, 3.784701977197286
442.4842911835432, 3.7523596478568333
443.1972182265549, 4.3021792466445365
443.189887357218, 4.2590561408572665
443.18255648788113, 4.215933035069995
443.17522561854423, 4.1728099292827245
443.16789474920733, 4.129686823495453
443.16056387987055, 4.086563717708183
443.15323301053365, 4.043440611920912
443.14590214119676, 4.000317506133641
443.9822321513793, 4.668725645836339
443.8698254882138, 4.614821763602251
443.5564308240621, 4.593260210708616
444.1997146083735, 4.733410304517246
444.1703911310259, 4.560917881368162
444.163060261689, 4.517794775580891
444.1557293923521, 4.47467166979362
444.1483985230152, 4.4315485640063494
444.1410676536784, 4.3884254582190785
444.1337367843415, 4.3453023524318075
445.34882837692965, 6.027103478135372
445.02810284344105, 5.962418819454466
445.02077197410415, 5.919295713667195
445.01344110476725, 5.876172607879925
445.00611023543036, 5.833049502092653
444.9987793660936, 5.789926396305383
444.9566268674065, 5.541968538028575
444.9401324113985, 5.444941550007215
444.9328015420616, 5.401818444219945
444.9254706727247, 5.358695338432673
444.9181398033878, 5.315572232645403
444.9108089340509, 5.272449126858131
444.903478064714, 5.229326021070861
444.89614719537724, 5.18620291528359
444.88881632604034, 5.143079809496319
444.88148545670344, 5.099956703709048
444.87415458736655, 5.056833597921777
444.86682371802965, 5.013710492134507
444.85949284869275, 4.970587386347235
444.85216197935586, 4.927464280559965
444.8448311100191, 4.884341174772693
444.8375002406822, 4.841218068985423
444.8301693713453, 4.798094963198152
444.8246712193426, 4.765752633857699
445.709873691771, 6.328965218646268
445.7025428224341, 6.285842112858997
445.6952119530972, 6.2427190070717264
445.6878810837603, 6.1995959012844555
445.6805502144234, 6.1564727954971845
445.67321934508664, 6.1133496897099135
445.66588847574974, 6.0702265839226435
445.61090695572307, 5.746803290518111
445.60357608638617, 5.703680184730841
445.5980779343836, 5.671337855390387
445.5889143477125, 5.617433973156299
446.08558074528617, 4.895121951219512
446.69954105224997, 4.862779621879058
447.0001066950622, 4.80887573964497
446.9927758257253, 4.765752633857699
446.9854449563884, 4.722629528070428
446.9781140870515, 4.679506422283158
446.6628867055656, 4.647164092942704
446.9652850657119, 4.604040987155432
446.9579541963751, 4.560917881368162
446.9506233270382, 4.517794775580891
446.9432924577013, 4.47467166979362
446.9359615883644, 4.4315485640063494
446.9286307190275, 4.3884254582190785
446.9212998496906, 4.3453023524318075
446.91396898035373, 4.3021792466445365
446.90663811101695, 4.2590561408572665
446.89930724168005, 4.215933035069995
446.89197637234315, 4.1728099292827245
446.8855618616734, 4.135077211718862
448.50568398512416, 6.3774787126569485
448.58235266027236, 6.221157454178091
448.16388220229203, 6.188815124837638
448.5456983135879, 6.005541925241737
448.43329165042246, 5.951638043007648
448.42596078108556, 5.908514937220377
448.11073339959967, 5.876172607879925
448.10340253026277, 5.833049502092653
448.4058008904092, 5.789926396305383
448.3984700210723, 5.746803290518111
448.39022279306823, 5.6982897965074315
448.0740790529153, 5.66055707894357
448.37556105439455, 5.61204358493289
448.0594173142415, 5.574310867369028
448.0520864449046, 5.531187761581757
448.0447555755677, 5.488064655794486
448.0374247062308, 5.444941550007215
448.34073942504426, 5.407208832443353
448.022762967557, 5.358695338432673
448.3251613277034, 5.315572232645403
448.31783045836653, 5.272449126858131
448.3114159476968, 5.23471640929427
447.99343949020954, 5.18620291528359
447.98610862087264, 5.143079809496319
448.28850698101905, 5.099956703709048
448.28117611168216, 5.056833597921777
447.96411601286206, 5.013710492134507
448.2655980143413, 4.965196998123827
447.94945427418827, 4.927464280559965
448.2518526343347, 4.884341174772693
448.2454381236648, 4.846608457208832
448.2371908956609, 4.798094963198152
448.23077638499115, 4.7603622456342904
447.9127999275039, 4.71184875162361
447.905469058167, 4.668725645836339
448.2060347009791, 4.614821763602251
447.8908073194932, 4.582479434261797
447.8853091674905, 4.550137104921344
448.8218277252772, 6.41521143022081
448.8071659866034, 6.328965218646268
448.7998351172665, 6.285842112858997
448.77784250925583, 6.1564727954971845
448.77051163991905, 6.1133496897099135
448.76318077058215, 6.0702265839226435
449.3386540135273, 5.811487949199018
449.3313231441904, 5.768364843411747
449.3239922748535, 5.725241737624476
449.3166614055166, 5.682118631837206
449.3093305361798, 5.638995526049934
449.3019996668429, 5.595872420262664
449.294668797506, 5.552749314475392
449.2873379281691, 5.509626208688122
449.2800070588322, 5.466503102900851
449.2726761894953, 5.42337999711358
449.2653453201584, 5.380256891326309
449.25801445082163, 5.337133785539038
449.25068358148474, 5.294010679751767
449.24335271214784, 5.250887573964496
449.23602184281094, 5.207764468177226
449.22869097347404, 5.164641362389954
449.22136010413715, 5.121518256602684
449.21402923480025, 5.078395150815412
449.20669836546347, 5.035272045028142
449.19936749612657, 4.992148939240871
449.1920366267897, 4.9490258334536
449.1847057574528, 4.905902727666329
449.1773748881159, 4.862779621879058
449.170044018779, 4.819656516091787
449.1627131494421, 4.776533410304516
449.1553822801053, 4.733410304517246
449.4559479229174, 4.679506422283158
450.0644100778785, 4.614821763602251
450.0479156218705, 4.517794775580891
450.0405847525336, 4.47467166979362
450.0332538831967, 4.4315485640063494
450.02592301385994, 4.3884254582190785
450.01859214452304, 4.3453023524318075
450.01126127518614, 4.3021792466445365
450.00393040584925, 4.2590561408572665
449.9975158951795, 4.221323423293404
451.3680830082873, 4.3884254582190785
451.25567634512174, 4.33452157598499
451.24834547578484, 4.291398470197719
451.24101460644795, 4.248275364410448
450.92578722496205, 4.215933035069995
451.90079284676733, 4.485452446240438
451.89346197743043, 4.442329340453167
452.19402762024254, 4.3884254582190785
452.18669675090564, 4.3453023524318075
452.17936588156874, 4.3021792466445365
452.17203501223196, 4.2590561408572665
453.1525387860398, 4.560917881368162
453.14520791670293, 4.517794775580891
453.1387934060331, 4.48006205801703
453.44027540751233, 4.4315485640063494
453.43294453817555, 4.3884254582190785
453.7344265396548, 4.339911964208399
454.96692894691796, 4.3021792466445365
454.9586817189139, 4.253665752633857
454.64437069609517, 4.226713811516813
454.9412709042389, 4.151248376389089
454.933940034902, 4.108125270601818
454.9266091655651, 4.065002164814548
454.9192782962282, 4.021879059027276
454.9119474268913, 3.978755953240005
454.9046165575545, 3.9356328474527342
454.8972856882176, 3.8925097416654637
454.89087117754775, 3.854777024101601
455.1941858963613, 3.8170443065377393
455.88878576603076, 4.2590561408572665
455.88145489669387, 4.215933035069995
456.1838532568403, 4.1728099292827245
456.1765223875034, 4.129686823495453
456.7913990531342, 4.102734882378408
457.1093755106215, 4.151248376389089
457.404443001431, 4.065002164814548
457.3971121320941, 4.021879059027276
457.3897812627572, 3.978755953240005
457.3824503934204, 3.9356328474527342
457.3751195240835, 3.8925097416654637
457.3677886547466, 3.8493866358781927
457.3604577854097, 3.8062635300909218
457.3531269160728, 3.763140424303651
457.3457960467359, 3.72001731851638
457.33846517739903, 3.676894212729109
457.33113430806225, 3.633771106941838
457.32380343872535, 3.590648001154567
457.7215031002511, 4.108125270601818
457.62620179887165, 3.547524895367296
457.62070364686895, 3.5151825660268434
458.4839135112868, 4.9490258334536
458.4765826419499, 4.905902727666329
458.469251772613, 4.862779621879058
458.4619209032761, 4.819656516091787
458.4545900339392, 4.776533410304516
458.44725916460243, 4.733410304517246
458.43992829526553, 4.690287198729974
458.43259742592863, 4.647164092942704
458.42526655659174, 4.604040987155432
458.41793568725484, 4.560917881368162
458.41060481791794, 4.517794775580891
458.71117046073016, 4.463890893346802
458.39594307924415, 4.4315485640063494
458.38861220990736, 4.3884254582190785
458.6919269287208, 4.350692740655217
458.3721177538994, 4.291398470197719
458.3629541672283, 4.2374945879636305
458.6653525273746, 4.19437148217636
459.63485999717716, 4.4315485640063494
459.62752912784026, 4.3884254582190785
459.92992748798656, 4.3453023524318075
459.92259661864966, 4.3021792466445365
459.9152657493129, 4.2590561408572665
459.907934879976, 4.215933035069995
459.9006040106391, 4.1728099292827245
459.8932731413022, 4.129686823495453
459.8859422719653, 4.086563717708183
459.87952776129555, 4.04883100014432
459.5615513038083, 4.000317506133641
461.272087482414, 4.3453023524318075
461.1596808192485, 4.291398470197719
460.8444534377626, 4.2590561408572665
460.8371225684257, 4.215933035069995
460.8297916990888, 4.1728099292827245
460.8242935470862, 4.140467599942271
461.53355515542944, 4.668725645836339
461.52622428609254, 4.625602540049068
461.51889341675565, 4.582479434261797
461.51156254741875, 4.539356328474527
461.50423167808185, 4.4962332226872554
461.49690080874495, 4.453110116899985
461.48956993940817, 4.4099870111127135
462.087035790364, 4.2806176937509015
462.0797049210271, 4.2374945879636305
462.3821032811734, 4.19437148217636
462.3747724118365, 4.151248376389089
462.3674415424997, 4.108125270601818
462.3601106731628, 4.065002164814548
462.3527798038259, 4.021879059027276
462.34636529315617, 3.984146341463414
462.33903442381927, 3.941023235676143
462.3317035544824, 3.897900129888872
462.63318555596163, 3.8493866358781927
462.62585468662473, 3.8062635300909218
462.61852381728784, 3.763140424303651
462.61119294795094, 3.72001731851638
462.60569479594835, 3.6876749891759264
463.81162280186527, 5.315572232645403
463.8042919325284, 5.272449126858131
463.7969610631915, 5.229326021070861
463.7896301938547, 5.18620291528359
463.7822993245178, 5.143079809496319
463.7749684551809, 5.099956703709048
463.767637585844, 5.056833597921777
463.7603067165071, 5.013710492134507
463.7529758471702, 4.970587386347235
463.7456449778333, 4.927464280559965
463.7383141084965, 4.884341174772693
463.7309832391596, 4.841218068985423
463.72365236982273, 4.798094963198152
463.71632150048583, 4.754971857410881
463.70899063114894, 4.71184875162361
463.70165976181204, 4.668725645836339
463.69432889247514, 4.625602540049068
463.68699802313836, 4.582479434261797
463.67966715380146, 4.539356328474527
463.67233628446456, 4.4962332226872554
463.66500541512767, 4.453110116899985
463.65767454579077, 4.4099870111127135
463.6503436764539, 4.366863905325443
463.643012807117, 4.3237407995381725
463.6356819377801, 4.2806176937509015
463.6283510684433, 4.2374945879636305
463.62193655777344, 4.199761870399769
464.7004907089621, 5.078395150815412
464.6949925569595, 5.04605282147496
464.6821635356199, 4.970587386347235
464.674832666283, 4.927464280559965
464.6675017969462, 4.884341174772693
464.66017092760933, 4.841218068985423
464.65284005827243, 4.798094963198152
464.64550918893553, 4.754971857410881
464.63817831959864, 4.71184875162361
464.93874396241085, 4.657944869389522
464.93141309307396, 4.614821763602251
464.61801842892226, 4.593260210708616
465.0218271482288, 4.539356328474527
464.90942048506327, 4.485452446240438
464.90208961572637, 4.442329340453167
464.58869495157467, 4.420767787559532
464.9925036708812, 4.366863905325443
464.574033212901, 4.33452157598499
464.9778419322074, 4.2806176937509015
465.173331781191, 4.215933035069995
465.1660009118541, 4.1728099292827245
465.1586700425172, 4.129686823495453
465.1513391731804, 4.086563717708183
465.1440083038435, 4.043440611920912
465.1366774345066, 4.000317506133641
466.05670153628523, 3.946413623899552
466.04937066694833, 3.9032905181122812
466.04203979761144, 3.8601674123250103
466.03470892827454, 3.8170443065377393
466.0282944176048, 3.7793115889738775
466.02004718960086, 3.7307980949631974
466.01271632026396, 3.6876749891759264
465.69748893877806, 3.655332659835474
465.99805458159017, 3.6014287776013854
465.99072371225327, 3.5583056718141144
465.6754963307674, 3.525963342473661
465.9788110495808, 3.488230624909799
465.9705638215769, 3.439717130899119
465.96231659357284, 3.3912036368884397
465.6461728534198, 3.353470919324577
465.638841984083, 3.310347813537306
465.9394076268951, 3.2564439313032176
465.6260129627434, 3.2348823784095826
466.5497024991904, 3.202540049069129
466.5423716298536, 3.159416943281858
466.5350407605167, 3.116293837494587
466.5277098911798, 3.0731707317073162
466.5212953805101, 3.0354380141434545
466.20515164035703, 2.9977052965795927
467.41169055205205, 4.021879059027276
467.29928388888663, 3.9679751767931877
467.29195301954974, 3.9248520710059167
467.28462215021284, 3.8817289652186453
467.27729128087594, 3.8386058594313752
467.26996041153905, 3.7954827536441043
467.26262954220215, 3.7523596478568333
467.25529867286537, 3.7092365420695623
467.24796780352847, 3.6661134362822914
467.24063693419157, 3.6229903304950204
467.2333060648547, 3.5798672247077494
467.2259751955178, 3.5367441189204785
467.2186443261809, 3.4936210131332075
467.211313456844, 3.4504979073459365
467.2039825875072, 3.4073748015586665
467.1966517181703, 3.3642516957713955
467.1893208488334, 3.3211285899841245
467.18290633816366, 3.283395872420262
466.8667625980106, 3.2456631548564
467.6291730090463, 4.086563717708183
468.5464480348236, 4.016488670803867
468.23030429467053, 3.978755953240005
468.53270265481694, 3.9356328474527342
469.14483024444644, 3.8925097416654637
469.13749937510954, 3.8493866358781927
469.13016850577276, 3.8062635300909218
469.12283763643586, 3.763140424303651
469.11550676709896, 3.72001731851638
469.10817589776207, 3.676894212729109
469.10084502842517, 3.633771106941838
469.0935141590883, 3.590648001154567
469.0861832897514, 3.547524895367296
469.0788524204145, 3.504401789580026
469.0715215510777, 3.461278683792755
469.0641906817408, 3.418155578005484
469.05777617107105, 3.3804228604416213
470.288445861, 3.331909366430942
470.2811149916631, 3.288786260643671
470.2737841223262, 3.2456631548564
470.2664532529893, 3.202540049069129
470.98182391911337, 3.159416943281858
470.56335346113303, 3.1270746139414056
471.5163664749276, 3.267224707750036
471.5099519642579, 3.2294919901861734
472.86280280980145, 3.2923798527926103
472.4437214460431, 3.2564439313032176
473.3894035905007, 3.353470919324577
474.14814856686803, 4.1728099292827245
474.14081769753113, 4.129686823495453
474.13348682819424, 4.086563717708183
474.12615595885734, 4.043440611920912
474.11882508952044, 4.000317506133641
474.11149422018366, 3.9571944003463697
474.10416335084676, 3.9140712945590987
474.09683248150986, 3.870948188771828
474.08950161217297, 3.827825082984557
474.08217074283607, 3.784701977197286
474.0748398734992, 3.7415788714100158
474.0675090041623, 3.698455765622745
474.0601781348255, 3.655332659835474
474.0528472654886, 3.612209554048203
474.04460003748454, 3.5636960600375227
474.13043229930383, 3.461278683792755
473.6918019506471, 3.310347813537306
474.5421827937254, 4.668725645836339
474.5348519243885, 4.625602540049068
474.5275210550517, 4.582479434261797
474.8280866978637, 4.528575552027709
474.8207558285269, 4.485452446240438
474.81342495919, 4.442329340453167
474.8060940898531, 4.399206234665897
474.7987632205162, 4.356083128878625
474.7914323511793, 4.312960023091355
474.4780376870277, 4.291398470197719
474.7749378951713, 4.215933035069995
474.347914756298, 3.525963342473661
474.3277548656216, 3.4073748015586665
475.4017272234747, 4.2590561408572665
475.3870654848009, 4.1728099292827245
475.3513274967837, 3.9625847885697785
475.70412558362113, 4.215933035069995
475.68946384494734, 4.129686823495453
475.68213297561044, 4.086563717708183
475.67480210627355, 4.043440611920912
475.66747123693665, 4.000317506133641
475.96070601041185, 3.9032905181122812
475.64731134626027, 3.8817289652186453
476.26127165322407, 3.8493866358781927
476.2539407838872, 3.8062635300909218
476.2466099145503, 3.763140424303651
476.2392790452134, 3.72001731851638
476.2319481758765, 3.676894212729109
476.2246173065397, 3.633771106941838
476.8110868534901, 3.439717130899119
476.77809794147413, 3.2456631548564
477.08049630162054, 3.202540049069129
477.41221813911443, 3.331909366430942
477.40488726977753, 3.288786260643671
477.69445660858435, 3.1701977197286766
478.31941321955344, 3.202540049069129
478.63647331837365, 3.2456631548564
478.62364429703405, 3.1701977197286766
479.6682931775397, 3.8493866358781927
479.6609623082028, 3.8062635300909218
479.6536314388659, 3.763140424303651
479.646300569529, 3.72001731851638
479.6389697001921, 3.676894212729109
479.6316388308553, 3.633771106941838
479.6243079615184, 3.590648001154567
479.61789345084856, 3.552915283590705
479.6078135055104, 3.4936210131332075
479.6013989948407, 3.4558882955693457
479.5940681255038, 3.4127651897820748
479.27792438535073, 3.375032472218213
479.27059351601383, 3.331909366430942
479.26326264667694, 3.288786260643671
480.8577267274487, 3.5583056718141144
480.8503958581118, 3.5151825660268434
480.8430649887749, 3.4720594602395725
480.83573411943803, 3.4289363544523015
480.8293196087683, 3.3912036368884397
482.0874800587105, 3.504401789580026
482.0801491893736, 3.461278683792755
482.07281832003673, 3.418155578005484
482.066403809367, 3.3804228604416213
481.73376561320595, 3.2456631548564
481.72643474386905, 3.202540049069129
481.72093659186646, 3.1701977197286766
482.36788581084625, 3.331909366430942
482.36238765884355, 3.2995670370904886
482.64279341097927, 3.1270746139414056
482.63546254164237, 3.0839515081541347
482.62813167230547, 3.0408284023668637
482.6208008029686, 2.9977052965795927
482.6134699336318, 2.9545821907923218
482.6061390642949, 2.911459085005051
482.598808194958, 2.86833597921778
482.5914773256211, 2.825212873430509
482.5841464562842, 2.782089767643238
483.19169225257826, 2.7120147207389227
483.8029034835407, 2.6635012267282434
483.7955726142038, 2.6203781209409724
483.7882417448669, 2.5772550151537015
483.78091087553014, 2.5341319093664305
483.77358000619324, 2.4910088035791595
483.76624913685635, 2.4478856977918886
484.53293588833856, 2.7066243325155144
484.728425737322, 2.6419396738346075
485.3698768042991, 2.7713089911964204
485.3643786522965, 2.738966661855967
486.3100607967542, 2.8359936498773273
486.30364628608436, 2.7982609323134646
487.01810059354125, 2.7497474383027853
486.59779741822683, 2.7066243325155144
486.59046654888994, 2.6635012267282434
486.89103219170204, 2.609597344494155
486.57763752755034, 2.588035791600519
487.61862097338746, 3.2456631548564
487.61129010405057, 3.202540049069129
487.6039592347138, 3.159416943281858
487.5966283653769, 3.116293837494587
487.58929749604, 3.0731707317073162
487.5801339093689, 3.0192668494732278
487.572803040032, 2.976143743685957
487.5599740186924, 2.9006783085582333
487.5526431493556, 2.8575552027709623
487.5453122800187, 2.8144320969836913
487.50132706399745, 2.5556934622600664
487.49399619466055, 2.5125703564727955
488.1574398696482, 2.7713089911964204
488.15010900031143, 2.7281858854091494
488.12811639230074, 2.5988165680473374
488.56247040051096, 3.331909366430942
488.55513953117406, 3.288786260643671
488.5441432271688, 3.224101601962765
488.5386450751661, 3.1917592726223116
488.5313142058292, 3.1486361668350407
488.5221506191581, 3.094732284600952
488.5148197498212, 3.051609178813681
488.5074888804844, 3.0084860730264102
488.5019907284817, 2.976143743685957
488.4928271418106, 2.9222398614518683
488.4854962724737, 2.8791167556645973
488.4744999684684, 2.8144320969836913
488.45250736045773, 2.6850627796218784
488.44517649112083, 2.6419396738346075
488.43234746978135, 2.566474238706884
488.42318388311026, 2.5125703564727955
489.3065536382045, 4.065002164814548
489.2992227688676, 4.021879059027276
489.2918918995307, 3.978755953240005
489.2845610301938, 3.9356328474527342
489.2772301608569, 3.8925097416654637
489.577795803669, 3.8386058594313752
489.5704649343321, 3.7954827536441043
489.5631340649952, 3.7523596478568333
489.5558031956584, 3.7092365420695623
489.54847232632153, 3.6661134362822914
489.54114145698463, 3.6229903304950204
489.53381058764774, 3.5798672247077494
489.52647971831084, 3.5367441189204785
489.51914884897394, 3.4936210131332075
489.5127343383042, 3.4558882955693457
489.5054034689673, 3.4127651897820748
489.19109244614856, 3.3858132486650305
489.7830601451017, 3.224101601962765
489.7757292757649, 3.180978496175494
489.768398406428, 3.137855390388223
489.7610675370911, 3.094732284600952
489.7537366677542, 3.051609178813681
489.7464057984173, 3.0084860730264102
489.7390749290804, 2.9653629672391393
489.7317440597435, 2.9222398614518683
489.7244131904067, 2.8791167556645973
490.41534762540766, 3.2995670370904886
490.3365407800362, 2.8359936498773273
490.63893914018263, 2.7928705440900563
490.6325246295129, 2.7551378265261937
490.6233610428417, 2.701233944292105
490.92667576165525, 2.6635012267282434
490.91934489231835, 2.6203781209409724
490.91201402298145, 2.5772550151537015
491.21441238312786, 2.5341319093664305
491.20708151379097, 2.4910088035791595
491.19975064445407, 2.4478856977918886
491.1924197751172, 2.4047625920046176
491.1850889057803, 2.3616394862173475
491.1777580364434, 2.3185163804300766
491.1704271671065, 2.2753932746428056
491.1649290151039, 2.243050945302352
492.45699473572927, 2.5556934622600664
492.44966386639237, 2.5125703564727955
492.4423329970555, 2.4694472506855245
492.4350021277186, 2.4263241448982535
492.4276712583817, 2.3832010391109826
492.4203403890448, 2.3400779333237116
492.1032802902247, 2.2969548275364406
492.097782138222, 2.264612498195988
492.77405483454925, 2.5988165680473374
493.4668219868846, 3.030047625920046
493.4594911175477, 2.986924520132775
493.4521602482108, 2.9438014143455042
493.4448293788739, 2.9006783085582333
493.43749850953714, 2.8575552027709623
493.43016764020024, 2.8144320969836913
493.42283677086334, 2.7713089911964204
493.41550590152644, 2.7281858854091494
493.40817503218955, 2.6850627796218784
493.40084416285265, 2.6419396738346075
494.4326640220187, 3.2456631548564
494.4253331526818, 3.202540049069129
494.41891864201204, 3.1648073315052674
495.05853699165493, 3.283395872420262
495.6605846359464, 3.180978496175494
495.6550864839437, 3.1486361668350407
496.2873739642497, 3.224101601962765
496.5897723243961, 3.180978496175494
496.5824414550592, 3.137855390388223
496.5751105857223, 3.094732284600952
496.5677797163854, 3.051609178813681
496.5604488470485, 3.0084860730264102
496.5531179777116, 2.9653629672391393
496.85368362052384, 2.911459085005051
497.6985663115994, 2.415543368451436
497.9753066290666, 2.221489392408717
498.2758722718787, 2.1675855101746277
498.2685414025418, 2.1244624043873577
498.26121053320503, 2.0813392986000867
498.25387966386813, 2.0382161928128157
498.24654879453124, 1.9950930870255448
498.23921792519434, 1.9519699812382738
498.23188705585744, 1.9088468754510028
498.22455618652054, 1.8657237696637319
499.44514593111137, 1.757916005195555
499.7457115739235, 1.7040121229614664
499.7383807045866, 1.6608890171741955
499.7310498352497, 1.6177659113869245
499.4158224537638, 1.585423582046471
501.00478838253287, 1.822600663876461
500.99745751319597, 1.77947755808919
500.9910430025262, 1.7417448405253282
501.7568133953413, 1.9950930870255448
501.64440673217575, 1.9411892047914563
501.63707586283886, 1.8980660990041853
501.6306613521691, 1.8603333814403236
503.094697049322, 2.5772550151537015
502.9822903861566, 2.523351132919613
502.9749595168197, 2.480228027132342
502.9676286474828, 2.437104921345071
502.9602977781459, 2.3939818155578
502.952966908809, 2.350858709770529
502.94655239813926, 2.3131259922066674
502.6304086579863, 2.2753932746428056
502.9309743007984, 2.221489392408717
502.60108518063885, 2.1029008514937217
502.59375431130195, 2.059777745706451
504.3959263566185, 2.9438014143455042
504.28168697611886, 2.8791167556645973
504.275272465449, 2.8413840381007356
504.3372794019234, 2.5988165680473374
504.224872738758, 2.544912685813248
503.9114780746063, 2.523351132919613
504.1992146960789, 2.3939818155578
503.8803218799246, 2.3400779333237116
504.9597923897803, 3.224101601962765
504.95246152044353, 3.180978496175494
504.94513065110664, 3.137855390388223
504.93779978176974, 3.094732284600952
504.93046891243284, 3.051609178813681
504.92313804309595, 3.0084860730264102
504.8864836964116, 2.7928705440900563
504.8791528270747, 2.7497474383027853
504.8718219577378, 2.7066243325155144
504.8644910884009, 2.6635012267282434
504.8333348937192, 2.480228027132342
504.8260040243823, 2.437104921345071
505.22553640324224, 2.9653629672391393
505.21820553390535, 2.9222398614518683
505.21087466456856, 2.8791167556645973
505.51144030738067, 2.825212873430509
505.4766186780305, 2.6203781209409724
505.4692878086936, 2.5772550151537015
505.4619569393567, 2.5341319093664305
505.54076378472814, 2.390388223408861
505.8083405155244, 2.7497474383027853
505.8010096461875, 2.7066243325155144
505.7936787768506, 2.6635012267282434
505.7643552995031, 2.4910088035791595
505.7570244301662, 2.4478856977918886
506.3618211504589, 2.3616394862173475
506.3508248464535, 2.2969548275364406
506.34532669445093, 2.264612498195988
506.33433039044553, 2.199927839515081
506.94829069740945, 2.1675855101746277
507.24885634022155, 2.1136816279405393
507.24152547088465, 2.0705585221532683
507.23419460154787, 2.027435416365998
507.226863732211, 1.9843123105787273
507.22136558020827, 1.9519699812382738
508.51892945283623, 2.2969548275364406
508.51159858349934, 2.2538317217491697
508.50426771416244, 2.2107086159618987
508.49693684482554, 2.1675855101746277
508.48960597548864, 2.1244624043873577
508.48227510615186, 2.0813392986000867
508.47494423681496, 2.0382161928128157
509.17595861715427, 2.517960744696204
508.857982159667, 2.4694472506855245
508.8524840076643, 2.437104921345071
508.841487703659, 2.372420262664165
509.506764095981, 2.6419396738346075
509.8091624561273, 2.5988165680473374
509.8018315867905, 2.5556934622600664
510.4139591764201, 2.5125703564727955
510.40754466575027, 2.474837638908933
510.7310192752402, 2.5556934622600664
510.71085938456383, 2.437104921345071
511.11466810387026, 2.3832010391109826
510.69619764589004, 2.350858709770529
511.61988718233704, 2.3185163804300766
511.61255631300014, 2.2753932746428056
512.2540073799773, 2.4047625920046176
512.2466765106404, 2.3616394862173475
512.2246839026297, 2.2322701688555346
512.5490748707867, 2.3185163804300766
512.5417440014498, 2.2753932746428056
512.5289149801104, 2.199927839515081
513.1392098524057, 2.1460239572809927
513.1318789830689, 2.1029008514937217
513.124548113732, 2.059777745706451
513.1172172443951, 2.01665463991918
513.1098863750582, 1.9735315341319088
513.1025555057213, 1.9304084283446379
513.0970573537186, 1.8980660990041853
513.6963559220087, 1.77947755808919
513.9987542821551, 1.736354452301919
515.2230094614142, 1.650108240727378
515.2156785920773, 1.606985134940107
515.2101804400746, 1.5746428055996535
516.135702693856, 1.5530812527060185
517.0520613609661, 1.477615817578294
517.0447304916293, 1.4344927117910231
516.7276703928092, 1.3913696060037521
516.7221722408065, 1.3590272766632987
518.4608100852035, 1.869317361812672
518.0069070920949, 1.628546687833742
517.9959107880896, 1.563862029152836
517.9885799187527, 1.520738923365565
517.9812490494159, 1.477615817578294
517.9757508974131, 1.4452734882378406
519.5995384555324, 1.8872853225573678
519.5931239448627, 1.8495526049935052
520.2080006104935, 1.822600663876461
520.5067335359715, 1.757916005195555
520.4994026666346, 1.714792899408284
520.4920717972977, 1.671669793621013
520.7953865161112, 1.6339370760571512
522.0168926193691, 1.5315196998123826
522.0104781086992, 1.4937869822485208
523.2686385586416, 1.606985134940107
523.2613076893047, 1.563862029152836
523.2539768199678, 1.520738923365565
523.2466459506309, 1.477615817578294
523.239315081294, 1.4344927117910231
522.9240876998082, 1.4021503824505697
524.5735333006064, 1.9950930870255448
524.5662024312695, 1.9519699812382738
524.5588715619326, 1.9088468754510028
524.5515406925957, 1.8657237696637319
524.5442098232588, 1.822600663876461
524.536878953922, 1.77947755808919
524.5295480845851, 1.736354452301919
524.5222172152482, 1.693231346514649
524.5158027045785, 1.6554986289507863
524.1978262470913, 1.606985134940107
524.186829943086, 1.5423004762592
524.1813317910833, 1.5099581469187475
524.170335487078, 1.4452734882378406
525.5467062050774, 2.2538317217491697
525.5393753357405, 2.2107086159618987
525.8417736958869, 2.1675855101746277
525.83444282655, 2.1244624043873577
525.8271119572131, 2.0813392986000867
525.510051858393, 2.0382161928128157
526.7489687763259, 2.0382161928128157
526.741637906989, 1.9950930870255448
526.7343070376522, 1.9519699812382738
526.7269761683153, 1.9088468754510028
526.7196452989784, 1.8657237696637319
526.7123144296415, 1.822600663876461
527.014712789788, 1.77947755808919
527.0082982791181, 1.7417448405253282
527.6195095100807, 1.693231346514649
527.9439004782377, 1.77947755808919
527.9365696089008, 1.736354452301919
528.8492628413425, 1.6393274642805595
528.8419319720056, 1.5962043584932886
528.8346011026687, 1.5530812527060185
528.5212064385171, 1.5315196998123826
529.4448959749641, 1.4991773704719291
529.7491270524447, 1.4668350411314766
530.6719002302247, 1.429102323567614
530.3575892074058, 1.4021503824505697
531.9126498654917, 1.4398831000144323
532.5238610964542, 1.3913696060037521
532.5165302271173, 1.3482465002164812
532.5101157164476, 1.3105137826526194
532.8115977179268, 1.2620002886419392
532.8042668485899, 1.2188771828546692
532.7987686965873, 1.1865348535142157
534.0230238758465, 1.1002886419396738
534.318091366656, 1.0140424303651319
534.3116768559862, 0.9763097128012701
534.2979314759796, 0.8954538894501374
534.6021625534601, 0.8631115601096839
535.5240193725729, 0.819988454322413
535.2087919910871, 0.7876461249819595
536.7583544971703, 0.7930365132053687
537.4217981721581, 1.0517751479289945
537.1038217146709, 1.0032616539183143
537.096490845334, 0.9601385481310434
537.0891599759971, 0.9170154423437724
537.0818291066603, 0.8738923365565014
537.0744982373234, 0.8307692307692305
538.0550020111313, 1.1326309712801272
538.0476711417944, 1.0895078654928563
538.9750261129099, 1.0787270890460388
539.5889864198737, 1.0463847597055853
539.5816555505368, 1.0032616539183143
539.5743246811999, 0.9601385481310434
539.8748903240121, 0.9062346658969549
539.5614956598604, 0.8846731130033199
540.5884282728018, 0.8523307836628664
540.1681250974873, 0.8092076778755954
540.8334014898093, 1.0787270890460388
541.8056580356132, 1.3320753355462545
541.487681578126, 1.2835618415355752
541.480350708789, 1.2404387357483042
541.4730198394521, 1.1973156299610332
541.4656889701153, 1.1541925241737623
541.4583581007784, 1.1110694183864913
542.1218017757661, 1.369808053110117
543.0399931602105, 1.3051233944292102
543.651204391173, 1.256609900418531
544.3821531546379, 1.3051233944292102
543.9545191099864, 1.2188771828546692
543.9490209579839, 1.1865348535142157
545.5031652574027, 1.2188771828546692
545.8073963348833, 1.1865348535142157
546.0933002390216, 1.0463847597055853
546.8459361576081, 1.2224707750036083
546.3975313165022, 1.0140424303651319
547.9809990932686, 1.2188771828546692
548.9028559123815, 1.1757540770673982
548.8955250430446, 1.1326309712801272
548.8881941737077, 1.0895078654928563
548.8808633043708, 1.0463847597055853
549.4929908940004, 1.0032616539183143
549.4856600246635, 0.9601385481310434
549.4801618726608, 0.9277962187905899
550.0867913102878, 0.8523307836628664
550.6989188999173, 0.8092076778755954
551.6427683270408, 0.8954538894501374
551.3275409455549, 0.8631115601096839
552.3874624705123, 1.0248232068119494
552.2750558073468, 0.9709193245778609
552.26772493801, 0.9277962187905899
552.8780198103053, 0.8738923365565014
553.2170725171361, 1.0463847597055853
553.2097416477992, 1.0032616539183143
553.2024107784623, 0.9601385481310434
553.1950799091254, 0.9170154423437724
553.7998766294181, 0.8307692307692305
553.7925457600812, 0.7876461249819595
555.3063702781473, 0.5828113724924231
554.9929756139956, 0.5612498195987881
556.543454478746, 0.5720305960456056
557.1574147857098, 0.5396882667051521
557.4726421671957, 0.5720305960456056
558.3825863236361, 0.4588324433540194
559.3236866747583, 0.5289074902583346
559.3181885227556, 0.49656516091788117
559.9541414377301, 0.5935921489392406
559.9486432857274, 0.5612498195987881
562.1845584334762, 0.9601385481310434
562.1772275641393, 0.9170154423437724
562.1698966948024, 0.8738923365565014
562.1625658254655, 0.8307692307692305
562.1561513147958, 0.7930365132053687
563.4326389380802, 1.0140424303651319
563.755197188903, 1.0895078654928563
564.0557628317151, 1.0356039832587678
564.3563284745273, 0.9817001010246793
564.3508303225246, 0.9493577716842259
564.9427980214779, 0.7876461249819595
564.935467152141, 0.7445230191946894
564.9281362828041, 0.7013999134074185
564.9208054134672, 0.6582768076201475
565.2213710562793, 0.604372925386059
565.9349090050691, 0.5504690431519697
565.8234187005708, 0.5019555491412904
566.4602879742123, 0.604372925386059
566.7608536170244, 0.5504690431519697
566.7535227476875, 0.5073459373646996
567.7193647828217, 0.7229614663010535
567.7120339134848, 0.6798383605137825
568.3259942204486, 0.64749603117333
569.2661782129036, 0.712180689854236
570.2265220960351, 0.8954538894501374
570.2210239440324, 0.8631115601096839
571.1557097844848, 0.8954538894501374
571.1483789151479, 0.8523307836628664
571.4507772752943, 0.8092076778755954
572.3726340944071, 0.7660845720883245
572.3653032250702, 0.7229614663010535
572.3579723557333, 0.6798383605137825
572.3524742037307, 0.64749603117333
572.3414778997253, 0.5828113724924231
572.9536054893549, 0.5396882667051521
573.5675657963187, 0.5073459373646996
573.5602349269818, 0.4642228315774286
573.8635496457954, 0.42649011401356596
574.7789919542383, 0.34563429066243323
575.6953506213486, 0.2701688555347097
577.8744515317366, 0.3348535142156157
578.5195680333821, 0.48578438447106365
579.7474886473096, 0.42109972579015764
582.2014971578308, 0.2809496319815272
583.1398484329516, 0.3348535142156157
583.4569085317717, 0.3779766200028867
584.4062561108977, 0.49656516091788117
584.0891960120778, 0.4534420551306102
585.3372765166818, 0.5073459373646996
585.6415075941624, 0.4750036080242461
587.4778903630511, 0.34563429066243323
588.4144089208377, 0.3887573964497042
589.0466964011437, 0.4642228315774286
589.0411982491411, 0.43188050223697516
589.9850476762645, 0.5181267138115171
589.6716530121129, 0.49656516091788117
591.3437021266999, 0.6151537018328765
591.2322118222014, 0.5666402078221964
592.1733121733237, 0.6367152547265116
592.7744434589479, 0.5289074902583346
592.767112589611, 0.48578438447106365
592.7597817202741, 0.4426612786837927
592.7524508509373, 0.3995381728965217
593.0557655697507, 0.36180545533265995
594.2726898796731, 0.23243613797084706
595.5088577216046, 0.21626497330062033
596.4417108447228, 0.23782652619425626
598.0022696548114, 0.30790157309857147
597.6861259146584, 0.2701688555347097
599.5628284649, 0.3779766200028867
601.4102075377941, 0.3132919613219798
602.6271318477164, 0.18392264396016778
602.931362925197, 0.15158031461971433
603.8605506136468, 0.15158031461971433
606.3383844495127, 0.15158031461971433
610.0661315073168, 0.21626497330062033
611.7528423605776, 0.42109972579015764
611.640435697412, 0.36719584355606916
611.3270410332603, 0.34563429066243323
614.7175681015681, 0.24860730264107378
615.9665649648392, 0.30790157309857147
616.8930035772876, 0.29173040842834475
617.5014657322487, 0.22704574974743874
617.8038640923951, 0.18392264396016778
619.6704866972984, 0.23243613797084706
621.2090528993765, 0.17314186751335026
623.9966159647256, 0.17314186751335026
626.1610551364398, 0.15158031461971433
641.9609112747534, 0.17314186751335026
642.8900989632031, 0.17314186751335026
646.3007859221871, 0.1947034204069853
647.2299736106368, 0.1947034204069853
